referenznummer,category_id,nama_perusahaan,titik_data_di_peta,posisi_kota,alamat_detail,detail_deskripsi,gaji,persyaratan,jenis_ausbildung,deskripsi_perusahaan,apa_yang_ditawarkan,link_website_perusahaan,alamat_email_bewerbung,link_bewerbung,kontak_penanggung_jawab,dokumen_yang_harus_dipenuhi,ba_job_url,scraped_at
16818-100829192-S,fachinformatiker_ae,Martin Metallverarbeitung GmbH,"50.234732,11.0748854",Ebersdorf bei Coburg,96237 Ebersdorf bei Coburg,"Ausbildung Fachinformatiker*in Anwendungsentwicklung
Bist du technikbegeistert, packst gerne an und suchst eine Ausbildung, die dir echte Perspektiven bietet?
Wir sind die Martin Gruppe und Spezialisten für Metallumformung in der Automobilindustrie. Unsere Stanz‑ und Umformteile sowie Schweiß‑ und Nietbaugruppen kommen in zahlreichen Fahrzeugen zum Einsatz – von Sport‑ und Luxuswagen bis zu Modellen, die du täglich siehst. Wenn du wissen willst, in welchen Fahrzeugen unsere Teile stecken, dann passt du zu uns!
Starte jetzt deine Ausbildung zum Fachinformatiker Anwendungsentwicklung (m/w/d).
Ausbildungsdauer: 3 Jahre.
Als Fachinformatiker (m/w/d) – Fachrichtung Anwendungsentwicklung bist du ein wichtiger Motor unserer digitalen Weiterentwicklung. Du entwickelst und optimierst Softwarelösungen, die Geschäftsprozesse effizienter machen, und schaffst Anwendungen, mit denen deine Kolleginnen und Kollegen produktiv, sicher und zukunftsorientiert arbeiten können.
In deiner Ausbildung lernst du unter anderem:
- Planung, Analyse und Entwicklung von Softwarelösungen mit modernen Programmiersprachen.
- Umsetzung praktischer Aufgaben – von der Anforderungsanalyse über das Design bis hin zur Programmierung und zum Testen.
- Umgang mit modernen Entwicklungstools, Entwicklungsumgebungen und Datenbanksystemen.
- Die Verbindung von praktischer Arbeit im Betrieb und theoretischem Wissen in der Berufsschule.
Du wirst von Anfang an in unsere IT‑Projekte eingebunden und erhältst die Chance, Verantwortung zu übernehmen und aktiv mitzuarbeiten. So bereitest du dich optimal auf deine zukünftigen Aufgaben vor.
Hast du das Zeug zum Fachinformatiker (m/w/d)?
Du verfügst bis zum Ausbildungsbeginn über einen Realschulabschluss, Abitur oder einen vergleichbaren Abschluss. Du bringst Begeisterung für Informatik, Technik und Softwareentwicklung mit und arbeitest sorgfältig und organisiert, wenn du Projekte angehst.
Noch Fragen zur Ausbildung bei uns? Wir freuen uns auf dich!",,"- Umsetzung praktischer Aufgaben – von der Anforderungsanalyse über das Design bis hin zur Programmierung und zum Testen.
- Umgang mit modernen Entwicklungstools, Entwicklungsumgebungen und Datenbanksystemen.
- Die Verbindung von praktischer Arbeit im Betrieb und theoretischem Wissen in der Berufsschule.
Du wirst von Anfang an in unsere IT‑Projekte eingebunden und erhältst die Chance, Verantwortung zu übernehmen und aktiv mitzuarbeiten. So bereitest du dich optimal auf deine zukünftigen Aufgaben vor.
Hast du das Zeug zum Fachinformatiker (m/w/d)?
Du verfügst bis zum Ausbildungsbeginn über einen Realschulabschluss, Abitur oder einen vergleichbaren Abschluss. Du bringst Begeisterung für Informatik, Technik und Softwareentwicklung mit und arbeitest sorgfältig und organisiert, wenn du Projekte angehst.
Noch Fragen zur Ausbildung bei uns? Wir freuen uns auf dich!",Ausbildung | Fachinformatiker/in - Anwendungsentwicklung,"Ausbildung Fachinformatiker*in Anwendungsentwicklung
Bist du technikbegeistert, packst gerne an und suchst eine Ausbildung, die dir echte Perspektiven bietet?
Wir sind die Martin Gruppe und Spezialisten für Metallumformung in der Automobilindustrie. Unsere Stanz‑ und Umformteile sowie Schweiß‑ und Nietbaugruppen kommen in zahlreichen Fahrzeugen zum Einsatz – von Sport‑ und Luxuswagen bis zu Modellen, die du täglich siehst. Wenn du wissen willst, in welchen Fahrzeugen unsere Teile stecken, dann passt du zu uns!",,https://www.studyflix.de,,https://studyflix.de/ausbildung/angebote/467319?l=829192&utm_source=ba,,,https://www.arbeitsagentur.de/jobsuche/jobdetail/16818-100829192-S,2026-06-11T07:52:58.885910+00:00
16818-100810023-S,fachinformatiker_ae,Stulz GmbH,"53.639221,9.9190229",Hamburg,22457 Hamburg,"Ausbildung Fachinformatiker*in Anwendungsentwicklung
Als spezialisierte Softwaretochter eines etablierten Familienunternehmens entwickeln wir integrierte, webbasierte Lösungen zur Überwachung, Steuerung und Optimierung technischer Infrastrukturen und bringen dabei aktuellstes Know‑how aus Forschung und Praxis zusammen.
Unsere Software kommt insbesondere in der Rechenzentrumsbranche und im betrieblichen Umfeld zum Einsatz und ist darauf ausgelegt, maximale Energieeffizienz zu erreichen. Wir bauen Monitoring‑ und Archivierungssysteme, betreiben die Weiterentwicklung eines eigenen Servicemanagementsystems und forschen an Regelalgorithmen und Regelstrategien im Kontext von IoT und Industrie 4.0.
Ausbildung zum Fachinformatiker Anwendungsentwicklung (m/w/d) – Start 2026
Du begeisterst dich fürs Programmieren und möchtest die große Bandbreite an internen und kundenorientierten Softwarelösungen kennenlernen? Dann starte mit uns deine dreijährige Ausbildung zum Fachinformatiker Anwendungsentwicklung!
Das bieten wir Dir:
Sicherheit in einem expandierenden Familienunternehmen
Tarifgebundenes Arbeitsverhältnis
36 Stunden Woche sowie flexible Arbeitszeiten
Weiterbildungsmöglichkeiten und E‑Learning-Angebote
Zuschüsse zur Altersversorgung und ein Deutschlandticket
Parkmöglichkeiten und vielfältige Betriebssportangebote
Betriebsrestaurant
Möglichkeit für einen Auslandsaufenthalt
Ausstattung mit Laptop
Während Deiner dreijährigen Ausbildung erwarten Dich Aufgaben wie beispielsweise:
Planung und Programmierung von Web‑Anwendungen
IT‑Support sowie Beratung unserer Mitarbeiterinnen und Mitarbeiter
Entwicklung von Software‑ und Datenbankanwendungen
Erlernen von Programmiersprachen
Planung und Umsetzung von Qualitätssicherungsmaßnahmen
Das bringst Du mit:
Guter Realschulabschluss, Fachhochschulreife oder allgemeine Hochschulreife
Gute Noten in Mathematik und Englisch
Hohes Interesse an moderner Technik und Informatik
Analytisches Denkvermögen
Wenn Du Dich angesprochen fühlst und Deine Karrierechancen nutzen willst, freuen wir uns auf Deine Bewerbung über den Bewerben‑Button.",,"Das bringst Du mit:
Guter Realschulabschluss, Fachhochschulreife oder allgemeine Hochschulreife
Gute Noten in Mathematik und Englisch
Hohes Interesse an moderner Technik und Informatik
Analytisches Denkvermögen
Wenn Du Dich angesprochen fühlst und Deine Karrierechancen nutzen willst, freuen wir uns auf Deine Bewerbung über den Bewerben‑Button.",Ausbildung | Fachinformatiker/in - Anwendungsentwicklung,"Ausbildung Fachinformatiker*in Anwendungsentwicklung
Als spezialisierte Softwaretochter eines etablierten Familienunternehmens entwickeln wir integrierte, webbasierte Lösungen zur Überwachung, Steuerung und Optimierung technischer Infrastrukturen und bringen dabei aktuellstes Know‑how aus Forschung und Praxis zusammen.
Unsere Software kommt insbesondere in der Rechenzentrumsbranche und im betrieblichen Umfeld zum Einsatz und ist darauf ausgelegt, maximale Energieeffizienz zu erreichen. Wir bauen Monitoring‑ und Archivierungssysteme, betreiben die Weiterentwicklung eines eigenen Servicemanagementsystems und forschen an Regelalgorithmen und Regelstrategien im Kontext von IoT und Industrie 4.0.
Ausbildung zum Fachinformatiker Anwendungsentwicklung (m/w/d) – Start 2026
Du begeisterst dich fürs Programmieren und möchtest die große Bandbreite an internen und kundenorientierten Softwarelösungen kennenlernen? Dann starte mit uns deine dreijährige Ausbildung zum Fachinformatiker Anwendungsentwicklung!","Das bieten wir Dir:
Sicherheit in einem expandierenden Familienunternehmen
Tarifgebundenes Arbeitsverhältnis
36 Stunden Woche sowie flexible Arbeitszeiten
Weiterbildungsmöglichkeiten und E‑Learning-Angebote
Zuschüsse zur Altersversorgung und ein Deutschlandticket
Parkmöglichkeiten und vielfältige Betriebssportangebote
Betriebsrestaurant
Möglichkeit für einen Auslandsaufenthalt
Ausstattung mit Laptop",https://www.studyflix.de,,https://studyflix.de/ausbildung/angebote/458179?l=810023&utm_source=ba,,,https://www.arbeitsagentur.de/jobsuche/jobdetail/16818-100810023-S,2026-06-11T07:52:59.274196+00:00
16818-100803211-S,fachinformatiker_ae,Atruvia,"48.9905167,8.473825","Karlsruhe, Baden","76227 Karlsruhe, Baden","Ausbildung Fachinformatiker*in Anwendungsentwicklung
Dein Einstieg bei Atruvia – Ausbildung als Fachinformatiker Anwendungsentwicklung (m/w/d)
Starte deine Zukunft in der Softwareentwicklung bei uns: Du erhältst eine praxisnahe Ausbildung, in der theoretisches Wissen mit spannenden Projekten verbunden wird und sich dir vielfältige Karrierechancen eröffnen.
Während der Ausbildung lernst du Programmiersprachen und Tools kennen und baust dir wichtige Fähigkeiten für die Softwareentwicklung auf. Du arbeitest an der Neu- und Weiterentwicklung von Bankensoftware, gestaltest Anwendungen mit und optimierst bestehende Systeme. Außerdem entwickelst du Anwendungskonzepte weiter, setzt Ideen um und bist an Design und Entwicklung von Weboberflächen beteiligt. Testen und Dokumentieren gehören ebenso zu deinen Aufgaben wie das Sicherstellen stabiler und hochwertiger Softwarelösungen.
Die Ausbildung dauert drei Jahre und bereitet dich umfassend auf die Arbeit in der Anwendungsentwicklung vor. Von Anfang an bist du in reale Projekte eingebunden, nimmst an Einführungswochen teil und wirst durch Teamtrainings unterstützt. Im Tagesgeschäft wirst du frühzeitig in verschiedenen Abteilungen und Projekten eingesetzt. Ergänzend gibt es zahlreiche Seminare, zum Beispiel zu methodischer Softwareentwicklung, Java und Datenbanken. Du kannst an Workshops, Vorträgen und Hackathons teilnehmen und dich mit anderen Auszubildenden und Kolleginnen und Kollegen vernetzen. Unser Ziel ist deine unbefristete Übernahme nach erfolgreichem Abschluss.
Bei Atruvia lernst du von erfahrenen Expertinnen und Experten der Banken‑IT und profitierst von einer erstklassigen, mehrfach ausgezeichneten Ausbildung. Wir bieten dir vielfältige Weiterbildungsmöglichkeiten, eine ausgeprägte Feedback‑ und Lernkultur sowie die Chance, in agilen und innovativen Projekten mitzuwirken.
Von Beginn an bist du als wertvolles Teammitglied eingebunden und übernimmst spannende Aufgaben. Wir bieten eine attraktive Vergütung und Nebenleistungen wie 13. &amp; 14. Gehalt sowie einen Fahrtkostenzuschuss. In unseren Teams herrscht eine offene und motivierende Kultur, in der du individuell betreut und gefördert wirst. Selbstständiges und eigenverantwortliches Arbeiten ist bei uns erwünscht – deine Ideen zählen.
Du begeisterst dich für IT‑Themen, kannst logisch und analytisch denken und arbeitest gern im Team. Du sprichst fließend Deutsch (mindestens C1) und verfügst über gute Englischkenntnisse.
Bewirb dich online und sende uns deinen Lebenslauf, deine letzten drei Zeugnisse sowie weitere relevante Bescheinigungen und Unterlagen. Ein Anschreiben kannst du optional beifügen.
Nach deiner Bewerbung laden wir dich zu einem Online‑Test ein, den du bequem von zu Hause absolvieren kannst. Bei einem guten Testergebnis und passenden Unterlagen folgt ein Vorstellungsgespräch, in dem du uns von dir überzeugen und Fragen stellen kannst. Kurz nach dem Gespräch erhältst du eine Rückmeldung.
Werde Teil unserer IT‑Familie – IT feels like home!",,,Ausbildung | Fachinformatiker/in - Anwendungsentwicklung,"Ausbildung Fachinformatiker*in Anwendungsentwicklung
Dein Einstieg bei Atruvia – Ausbildung als Fachinformatiker Anwendungsentwicklung (m/w/d)","Bei Atruvia lernst du von erfahrenen Expertinnen und Experten der Banken‑IT und profitierst von einer erstklassigen, mehrfach ausgezeichneten Ausbildung. Wir bieten dir vielfältige Weiterbildungsmöglichkeiten, eine ausgeprägte Feedback‑ und Lernkultur sowie die Chance, in agilen und innovativen Projekten mitzuwirken.
Von Beginn an bist du als wertvolles Teammitglied eingebunden und übernimmst spannende Aufgaben. Wir bieten eine attraktive Vergütung und Nebenleistungen wie 13. &amp; 14. Gehalt sowie einen Fahrtkostenzuschuss. In unseren Teams herrscht eine offene und motivierende Kultur, in der du individuell betreut und gefördert wirst. Selbstständiges und eigenverantwortliches Arbeiten ist bei uns erwünscht – deine Ideen zählen.
Du begeisterst dich für IT‑Themen, kannst logisch und analytisch denken und arbeitest gern im Team. Du sprichst fließend Deutsch (mindestens C1) und verfügst über gute Englischkenntnisse.
Bewirb dich online und sende uns deinen Lebenslauf, deine letzten drei Zeugnisse sowie weitere relevante Bescheinigungen und Unterlagen. Ein Anschreiben kannst du optional beifügen.
Nach deiner Bewerbung laden wir dich zu einem Online‑Test ein, den du bequem von zu Hause absolvieren kannst. Bei einem guten Testergebnis und passenden Unterlagen folgt ein Vorstellungsgespräch, in dem du uns von dir überzeugen und Fragen stellen kannst. Kurz nach dem Gespräch erhältst du eine Rückmeldung.
Werde Teil unserer IT‑Familie – IT feels like home!",https://www.studyflix.de,,https://studyflix.de/ausbildung/angebote/454369?l=803211&utm_source=ba,,"Bewirb dich online und sende uns deinen Lebenslauf, deine letzten drei Zeugnisse sowie weitere relevante Bescheinigungen und Unterlagen. Ein Anschreiben kannst du optional beifügen.
Nach deiner Bewerbung laden wir dich zu einem Online‑Test ein, den du bequem von zu Hause absolvieren kannst. Bei einem guten Testergebnis und passenden Unterlagen folgt ein Vorstellungsgespräch, in dem du uns von dir überzeugen und Fragen stellen kannst. Kurz nach dem Gespräch erhältst du eine Rückmeldung.
Werde Teil unserer IT‑Familie – IT feels like home!",https://www.arbeitsagentur.de/jobsuche/jobdetail/16818-100803211-S,2026-06-11T07:52:59.665726+00:00
16818-100854573-S,fachinformatiker_ae,EWE NETZ,"53.1038216,8.2239046",Oldenburg (Oldb),26133 Oldenburg (Oldb),"Ausbildung Fachinformatiker*in Anwendungsentwicklung
Du möchtest die digitale Welt aktiv mitgestalten und selbst smarte Lösungen entwickeln statt nur Anwender zu sein?
Bei EWE arbeitest du an der digitalen Zukunft mit: Im Bereich Telekommunikation sorgen wir dafür, dass Menschen und Unternehmen schnell, zuverlässig und modern vernetzt sind. Wir entwickeln Technologien und Services, die den Alltag smarter, sicherer und nachhaltiger machen. Werde Teil dieser wichtigen Mission und lass uns gemeinsam #dasMorgenmachen.
Zum Start am 01.08.2027 suchen wir für die EWE TEL GmbH Auszubildende für eine Zukunft als Fachinformatiker für Anwendungsentwicklung (w/d/m).
In dieser Ausbildung lernst du, wie Software und digitale Anwendungen geplant, programmiert und installiert werden. Du entwickelst benutzerfreundliche Oberflächen, programmierst neue Funktionen, behebst Fehler im Code und sorgst dafür, dass Software effizient und zuverlässig läuft.
Das solltest du dir nicht entgehen lassen: Du bekommst ein Einstiegsgehalt von 1.325 € (zzgl. Weihnachts- und Urlaubsgeld), 30 Tage Urlaub und zusätzlich Heiligabend und Silvester frei. Außerdem bieten wir dir eine Übernahmemöglichkeit für mindestens 2 Jahre, dein eigenes Notebook, eine Home‑Office‑Option sowie Kennenlerntage, Mentoring und ein starkes Seminarprogramm. Leben, Wohnen und Lernen auf unserem EnergieCampus mit coolen Sport- und Freizeitangeboten runden das Angebot ab.
Das lernst du bei uns: Softwareentwicklung von Grund auf – Planung, Programmierung und Weiterentwicklung sowie Qualitätssicherung durch Tests, Code‑Reviews und saubere Dokumentation. Installation und Betreuung von Anwendungen gehören genauso dazu wie die enge Zusammenarbeit mit unseren Fachbereichen, wodurch du tiefe Einblicke in die Welt der Telekommunikation erhältst. Du wirst vielseitige Programmierkenntnisse im Backend und Frontend kennenlernen, den Umgang mit Cloud‑Plattformen wie AWS und Azure erlernen und erste Einblicke in Data Science und KI erhalten. Kommunikation und Präsentation sind ebenfalls Teil der Ausbildung, damit du technische Sachverhalte verständlich erklären und deine Arbeit sicher präsentieren kannst.
So hast du gute Chancen: Gute Kenntnisse in Mathematik, Deutsch und Englisch, Interesse und Neugier an IT und Technik, Eigeninitiative und Freude am Lernen, Teamgeist, kreative Problemlösungsfähigkeit, Durchhaltevermögen bei kniffligen Aufgaben sowie Kundenorientierung und gute Kommunikationsfähigkeiten. Keine Sorge, wenn du noch nicht programmieren kannst – Vorkenntnisse sind nicht erforderlich; falls du aber schon erste Erfahrungen hast, ist das ein Vorteil.
Ausbildungsdauer: 3 Jahre.
Bist du dabei? Dann freuen wir uns auf deine Bewerbung direkt auf unserer Website: Mach‘s kurz und füge einfach einen Lebenslauf und deine letzten beiden Schulzeugnisse hinzu, ein Extra‑Anschreiben ist nicht notwendig. Mit deiner Bewerbung bestätigst du deine Bereitschaft zur Teilnahme an der für die Tätigkeit erforderlichen Sicherheitsüberprüfung.
Noch unentschlossen? Dann schau gern in unseren Azubiblog: azubiblog.ewe.com
Übrigens – im EWE‑Konzern managt die EWE NETZ GmbH die Ausbildung für sämtliche Gesellschaften. Wenn du mehr über die anderen Berufsbilder und dualen Studiengänge wissen willst: ewe.com/karriere",Einstiegsgehalt von 1.325 €,"So hast du gute Chancen: Gute Kenntnisse in Mathematik, Deutsch und Englisch, Interesse und Neugier an IT und Technik, Eigeninitiative und Freude am Lernen, Teamgeist, kreative Problemlösungsfähigkeit, Durchhaltevermögen bei kniffligen Aufgaben sowie Kundenorientierung und gute Kommunikationsfähigkeiten. Keine Sorge, wenn du noch nicht programmieren kannst – Vorkenntnisse sind nicht erforderlich; falls du aber schon erste Erfahrungen hast, ist das ein Vorteil.
Ausbildungsdauer: 3 Jahre.
Bist du dabei? Dann freuen wir uns auf deine Bewerbung direkt auf unserer Website: Mach‘s kurz und füge einfach einen Lebenslauf und deine letzten beiden Schulzeugnisse hinzu, ein Extra‑Anschreiben ist nicht notwendig. Mit deiner Bewerbung bestätigst du deine Bereitschaft zur Teilnahme an der für die Tätigkeit erforderlichen Sicherheitsüberprüfung.
Noch unentschlossen? Dann schau gern in unseren Azubiblog: azubiblog.ewe.com
Übrigens – im EWE‑Konzern managt die EWE NETZ GmbH die Ausbildung für sämtliche Gesellschaften. Wenn du mehr über die anderen Berufsbilder und dualen Studiengänge wissen willst: ewe.com/karriere",Ausbildung | Fachinformatiker/in - Anwendungsentwicklung,"Ausbildung Fachinformatiker*in Anwendungsentwicklung
Du möchtest die digitale Welt aktiv mitgestalten und selbst smarte Lösungen entwickeln statt nur Anwender zu sein?
Bei EWE arbeitest du an der digitalen Zukunft mit: Im Bereich Telekommunikation sorgen wir dafür, dass Menschen und Unternehmen schnell, zuverlässig und modern vernetzt sind. Wir entwickeln Technologien und Services, die den Alltag smarter, sicherer und nachhaltiger machen. Werde Teil dieser wichtigen Mission und lass uns gemeinsam #dasMorgenmachen.
Zum Start am 01.08.2027 suchen wir für die EWE TEL GmbH Auszubildende für eine Zukunft als Fachinformatiker für Anwendungsentwicklung (w/d/m).
In dieser Ausbildung lernst du, wie Software und digitale Anwendungen geplant, programmiert und installiert werden. Du entwickelst benutzerfreundliche Oberflächen, programmierst neue Funktionen, behebst Fehler im Code und sorgst dafür, dass Software effizient und zuverlässig läuft.","Das solltest du dir nicht entgehen lassen: Du bekommst ein Einstiegsgehalt von 1.325 € (zzgl. Weihnachts- und Urlaubsgeld), 30 Tage Urlaub und zusätzlich Heiligabend und Silvester frei. Außerdem bieten wir dir eine Übernahmemöglichkeit für mindestens 2 Jahre, dein eigenes Notebook, eine Home‑Office‑Option sowie Kennenlerntage, Mentoring und ein starkes Seminarprogramm. Leben, Wohnen und Lernen auf unserem EnergieCampus mit coolen Sport- und Freizeitangeboten runden das Angebot ab.
Das lernst du bei uns: Softwareentwicklung von Grund auf – Planung, Programmierung und Weiterentwicklung sowie Qualitätssicherung durch Tests, Code‑Reviews und saubere Dokumentation. Installation und Betreuung von Anwendungen gehören genauso dazu wie die enge Zusammenarbeit mit unseren Fachbereichen, wodurch du tiefe Einblicke in die Welt der Telekommunikation erhältst. Du wirst vielseitige Programmierkenntnisse im Backend und Frontend kennenlernen, den Umgang mit Cloud‑Plattformen wie AWS und Azure erlernen und erste Einblicke in Data Science und KI erhalten. Kommunikation und Präsentation sind ebenfalls Teil der Ausbildung, damit du technische Sachverhalte verständlich erklären und deine Arbeit sicher präsentieren kannst.
So hast du gute Chancen: Gute Kenntnisse in Mathematik, Deutsch und Englisch, Interesse und Neugier an IT und Technik, Eigeninitiative und Freude am Lernen, Teamgeist, kreative Problemlösungsfähigkeit, Durchhaltevermögen bei kniffligen Aufgaben sowie Kundenorientierung und gute Kommunikationsfähigkeiten. Keine Sorge, wenn du noch nicht programmieren kannst – Vorkenntnisse sind nicht erforderlich; falls du aber schon erste Erfahrungen hast, ist das ein Vorteil.
Ausbildungsdauer: 3 Jahre.
Bist du dabei? Dann freuen wir uns auf deine Bewerbung direkt auf unserer Website: Mach‘s kurz und füge einfach einen Lebenslauf und deine letzten beiden Schulzeugnisse hinzu, ein Extra‑Anschreiben ist nicht notwendig. Mit deiner Bewerbung bestätigst du deine Bereitschaft zur Teilnahme an der für die Tätigkeit erforderlichen Sicherheitsüberprüfung.
Noch unentschlossen? Dann schau gern in unseren Azubiblog: azubiblog.ewe.com
Übrigens – im EWE‑Konzern managt die EWE NETZ GmbH die Ausbildung für sämtliche Gesellschaften. Wenn du mehr über die anderen Berufsbilder und dualen Studiengänge wissen willst: ewe.com/karriere",https://www.studyflix.de,,https://studyflix.de/ausbildung/angebote/482287?l=854573&utm_source=ba,01.08.2027,"Bist du dabei? Dann freuen wir uns auf deine Bewerbung direkt auf unserer Website: Mach‘s kurz und füge einfach einen Lebenslauf und deine letzten beiden Schulzeugnisse hinzu, ein Extra‑Anschreiben ist nicht notwendig. Mit deiner Bewerbung bestätigst du deine Bereitschaft zur Teilnahme an der für die Tätigkeit erforderlichen Sicherheitsüberprüfung.
Noch unentschlossen? Dann schau gern in unseren Azubiblog: azubiblog.ewe.com
Übrigens – im EWE‑Konzern managt die EWE NETZ GmbH die Ausbildung für sämtliche Gesellschaften. Wenn du mehr über die anderen Berufsbilder und dualen Studiengänge wissen willst: ewe.com/karriere",https://www.arbeitsagentur.de/jobsuche/jobdetail/16818-100854573-S,2026-06-11T07:53:00.053280+00:00
16818-100780116-S,fachinformatiker_ae,Salzgitter Digital Solutions GmbH,"52.1802631,10.4281222",Salzgitter,38239 Salzgitter,"Ausbildung Fachinformatiker*in Anwendungsentwicklung
Bist du bereit, die spannende Welt der Softwareentwicklung zu erkunden? Wenn du Neugier und Begeisterung für Informatik mitbringst und vielleicht sogar schon erste Programmiererfahrungen gesammelt hast, möchten wir dich als Auszubildenden zum Fachinformatiker für Anwendungsentwicklung in unserem Team willkommen heißen.
Bei uns erwartet dich eine praxisnahe Ausbildung, in der du nicht nur IT-Systeme analysierst und planst, sondern auch aktiv an der Entwicklung und Programmierung von Softwarelösungen mitwirken wirst. Du wirst lernen, bestehende Anwendungen zu testen und zu dokumentieren, während du in einer unterstützenden Umgebung arbeitest, die dir Raum zur Entfaltung bietet.
Die Ausbildung erfolgt in enger Zusammenarbeit mit erfahrenen und kompetenten Ausbilderinnen und Ausbildern, die dich individuell auf deinem Weg begleiten. Mit modernen Ausbildungseinrichtungen und der Bereitstellung neuester Laptops für unsere Auszubildenden stellen wir sicher, dass du jederzeit die besten Voraussetzungen hast, um deine Fähigkeiten zu entwickeln.
Während deiner Ausbildung lernst du alles, was du für deine Zukunft als Fachinformatiker benötigst. In speziellen Lehrgängen hast du die Möglichkeit, dein Wissen zu vertiefen, bevor du in den verschiedenen Betriebsabteilungen praktische Erfahrungen sammelst.
Wir bieten dir eine interessante und abwechslungsreiche Ausbildung in einem zukunftsorientierten Unternehmen. Deine persönlichen und fachlichen Talente werden gefördert, und nach einem erfolgreichen Abschluss stehen dir hervorragende Übernahmechancen sowie vielfältige Möglichkeiten zur Weiterentwicklung offen.
Genieße die Vorzüge einer modernen und mitarbeiterorientierten Firmenkultur, die eine familiäre Arbeitsatmosphäre ermöglicht. Mit attraktiven Konditionen wie einer 35-Stunden-Woche, 30 Tagen Urlaub im Jahr, einer überdurchschnittlichen Ausbildungsvergütung und Sozialleistungen, die Gesundheitsförderung und Sportangebote umfassen, möchten wir dir einen positiven Ausbildungsrahmen bieten.
Wenn du also Lust sprichst, Softwareanwendungen zu konzipieren, zu realisieren und zu testen, dann freuen wir uns darauf, dich kennenzulernen! Bewirb dich einfach online über den Button „Online bewerben“.",,"Die Ausbildung erfolgt in enger Zusammenarbeit mit erfahrenen und kompetenten Ausbilderinnen und Ausbildern, die dich individuell auf deinem Weg begleiten. Mit modernen Ausbildungseinrichtungen und der Bereitstellung neuester Laptops für unsere Auszubildenden stellen wir sicher, dass du jederzeit die besten Voraussetzungen hast, um deine Fähigkeiten zu entwickeln.
Während deiner Ausbildung lernst du alles, was du für deine Zukunft als Fachinformatiker benötigst. In speziellen Lehrgängen hast du die Möglichkeit, dein Wissen zu vertiefen, bevor du in den verschiedenen Betriebsabteilungen praktische Erfahrungen sammelst.
Wir bieten dir eine interessante und abwechslungsreiche Ausbildung in einem zukunftsorientierten Unternehmen. Deine persönlichen und fachlichen Talente werden gefördert, und nach einem erfolgreichen Abschluss stehen dir hervorragende Übernahmechancen sowie vielfältige Möglichkeiten zur Weiterentwicklung offen.
Genieße die Vorzüge einer modernen und mitarbeiterorientierten Firmenkultur, die eine familiäre Arbeitsatmosphäre ermöglicht. Mit attraktiven Konditionen wie einer 35-Stunden-Woche, 30 Tagen Urlaub im Jahr, einer überdurchschnittlichen Ausbildungsvergütung und Sozialleistungen, die Gesundheitsförderung und Sportangebote umfassen, möchten wir dir einen positiven Ausbildungsrahmen bieten.
Wenn du also Lust sprichst, Softwareanwendungen zu konzipieren, zu realisieren und zu testen, dann freuen wir uns darauf, dich kennenzulernen! Bewirb dich einfach online über den Button „Online bewerben“.",Ausbildung | Fachinformatiker/in - Anwendungsentwicklung,"Ausbildung Fachinformatiker*in Anwendungsentwicklung
Bist du bereit, die spannende Welt der Softwareentwicklung zu erkunden? Wenn du Neugier und Begeisterung für Informatik mitbringst und vielleicht sogar schon erste Programmiererfahrungen gesammelt hast, möchten wir dich als Auszubildenden zum Fachinformatiker für Anwendungsentwicklung in unserem Team willkommen heißen.
Bei uns erwartet dich eine praxisnahe Ausbildung, in der du nicht nur IT-Systeme analysierst und planst, sondern auch aktiv an der Entwicklung und Programmierung von Softwarelösungen mitwirken wirst. Du wirst lernen, bestehende Anwendungen zu testen und zu dokumentieren, während du in einer unterstützenden Umgebung arbeitest, die dir Raum zur Entfaltung bietet.","Wir bieten dir eine interessante und abwechslungsreiche Ausbildung in einem zukunftsorientierten Unternehmen. Deine persönlichen und fachlichen Talente werden gefördert, und nach einem erfolgreichen Abschluss stehen dir hervorragende Übernahmechancen sowie vielfältige Möglichkeiten zur Weiterentwicklung offen.
Genieße die Vorzüge einer modernen und mitarbeiterorientierten Firmenkultur, die eine familiäre Arbeitsatmosphäre ermöglicht. Mit attraktiven Konditionen wie einer 35-Stunden-Woche, 30 Tagen Urlaub im Jahr, einer überdurchschnittlichen Ausbildungsvergütung und Sozialleistungen, die Gesundheitsförderung und Sportangebote umfassen, möchten wir dir einen positiven Ausbildungsrahmen bieten.
Wenn du also Lust sprichst, Softwareanwendungen zu konzipieren, zu realisieren und zu testen, dann freuen wir uns darauf, dich kennenzulernen! Bewirb dich einfach online über den Button „Online bewerben“.",https://www.studyflix.de,,https://studyflix.de/ausbildung/angebote/439717?l=780116&utm_source=ba,,,https://www.arbeitsagentur.de/jobsuche/jobdetail/16818-100780116-S,2026-06-11T07:53:00.439911+00:00
16818-100704786-S,fachinformatiker_ae,SSI Schäfer,"49.6504055,9.9407287",Giebelstadt,97232 Giebelstadt,"Ausbildung Fachinformatiker*in Anwendungsentwicklung
Werde Teil eines großartigen Teams – starte deine Ausbildung zum Fachinformatiker für Anwendungsentwicklung (w/m/d) und gestalte die Zukunft der Logistik mit uns!
Die SSI SCHÄFER Gruppe ist ein internationaler Marktführer im Bereich modularer Lager- und Logistiksysteme. Mit über 10.500 Mitarbeitern weltweit und einem dynamischen Team von mehr als 1.000 IT-Experten bieten wir dir eine spannende Möglichkeit, deine Karriere zu beginnen.
Während deiner dreijährigen Ausbildung tauchst du tief in die Welt der Softwareentwicklung ein. Du wirst objektorientierte Softwarelösungen für hochmoderne automatisierte Lager entwickeln und zugleich wertvolle Erfahrungen im Umgang mit projektbezogenen Datenbanken sammeln. Dabei wirst du aktiv an der Realisierung kundenspezifischer Anforderungen mitwirken und in verschiedenen Abteilungen wie Softwareentwicklung, Customer Service und Support tätig sein.
Um bei uns einzusteigen, bringst du die allgemeine Hochschulreife, Fachhochschulreife oder die mittlere Reife mit. Wenn du Interesse an IT-Systemen, Softwareentwicklung und technischen Zusammenhängen hast, bist du bei uns genau richtig. Deine Teamfähigkeit und Kontaktfreude werden dir helfen, dich schnell in unser engagiertes Team einzufügen und erfolgreich zu sein.
Bei SSI SCHÄFER erhältst du eine praxisnahe Ausbildung, die mit einem IHK-Gütesiegel ausgezeichnet ist. Die Auszubildenden werden in spannende Projekte eingebunden und sind vollwertige Mitglieder unseres Teams. Freue dich auf wechselnde Herausforderungen, Team-Events zum Ausbildungsstart und eine attraktive Ausbildungsvergütung.
Wir unterstützen dich während deiner gesamten Ausbildung individuell und bieten dir interdisziplinäre Projekte sowie Prämien für besonders gute Leistungen an. Deine Übernahmechancen sind ausgezeichnet, und du hast die Möglichkeit, an internationalen Projekten mitzuarbeiten und deinen Horizont zu erweitern. 
Wenn du bereit bist, mit uns die Zukunft der Intralogistik mitzugestalten, freuen wir uns auf deine Bewerbung!",,"Während deiner dreijährigen Ausbildung tauchst du tief in die Welt der Softwareentwicklung ein. Du wirst objektorientierte Softwarelösungen für hochmoderne automatisierte Lager entwickeln und zugleich wertvolle Erfahrungen im Umgang mit projektbezogenen Datenbanken sammeln. Dabei wirst du aktiv an der Realisierung kundenspezifischer Anforderungen mitwirken und in verschiedenen Abteilungen wie Softwareentwicklung, Customer Service und Support tätig sein.
Um bei uns einzusteigen, bringst du die allgemeine Hochschulreife, Fachhochschulreife oder die mittlere Reife mit. Wenn du Interesse an IT-Systemen, Softwareentwicklung und technischen Zusammenhängen hast, bist du bei uns genau richtig. Deine Teamfähigkeit und Kontaktfreude werden dir helfen, dich schnell in unser engagiertes Team einzufügen und erfolgreich zu sein.
Bei SSI SCHÄFER erhältst du eine praxisnahe Ausbildung, die mit einem IHK-Gütesiegel ausgezeichnet ist. Die Auszubildenden werden in spannende Projekte eingebunden und sind vollwertige Mitglieder unseres Teams. Freue dich auf wechselnde Herausforderungen, Team-Events zum Ausbildungsstart und eine attraktive Ausbildungsvergütung.
Wir unterstützen dich während deiner gesamten Ausbildung individuell und bieten dir interdisziplinäre Projekte sowie Prämien für besonders gute Leistungen an. Deine Übernahmechancen sind ausgezeichnet, und du hast die Möglichkeit, an internationalen Projekten mitzuarbeiten und deinen Horizont zu erweitern.
Wenn du bereit bist, mit uns die Zukunft der Intralogistik mitzugestalten, freuen wir uns auf deine Bewerbung!",Ausbildung | Fachinformatiker/in - Anwendungsentwicklung,"Ausbildung Fachinformatiker*in Anwendungsentwicklung
Werde Teil eines großartigen Teams – starte deine Ausbildung zum Fachinformatiker für Anwendungsentwicklung (w/m/d) und gestalte die Zukunft der Logistik mit uns!
Die SSI SCHÄFER Gruppe ist ein internationaler Marktführer im Bereich modularer Lager- und Logistiksysteme. Mit über 10.500 Mitarbeitern weltweit und einem dynamischen Team von mehr als 1.000 IT-Experten bieten wir dir eine spannende Möglichkeit, deine Karriere zu beginnen.","Bei SSI SCHÄFER erhältst du eine praxisnahe Ausbildung, die mit einem IHK-Gütesiegel ausgezeichnet ist. Die Auszubildenden werden in spannende Projekte eingebunden und sind vollwertige Mitglieder unseres Teams. Freue dich auf wechselnde Herausforderungen, Team-Events zum Ausbildungsstart und eine attraktive Ausbildungsvergütung.
Wir unterstützen dich während deiner gesamten Ausbildung individuell und bieten dir interdisziplinäre Projekte sowie Prämien für besonders gute Leistungen an. Deine Übernahmechancen sind ausgezeichnet, und du hast die Möglichkeit, an internationalen Projekten mitzuarbeiten und deinen Horizont zu erweitern.
Wenn du bereit bist, mit uns die Zukunft der Intralogistik mitzugestalten, freuen wir uns auf deine Bewerbung!",https://www.studyflix.de,,https://studyflix.de/ausbildung/angebote/380017?l=704786&utm_source=ba,"Um bei uns einzusteigen, bringst du die allgemeine Hochschulreife, Fachhochschulreife oder die mittlere Reife mit. Wenn du Interesse an IT-Systemen, Softwareentwicklung und technischen Zusammenhängen hast, bist du bei uns genau richtig. Deine Teamfähigkeit und Kontaktfreude werden dir helfen, dich schnell in unser engagiertes Team einzufügen und erfolgreich zu sein.",,https://www.arbeitsagentur.de/jobsuche/jobdetail/16818-100704786-S,2026-06-11T07:53:00.811600+00:00
10001-1003046294-S,fachinformatiker_ae,Konrad Mathieu IT-Consulting GmbH,"50.9202,6.931854",Köln,"Luxemburger Str. 152, 50937 Köln","Die KM-IT GmbH ist als internationaler Softwareentwickler durch die IHK für herausragende Leistungen in der Berufsausbildung ausgezeichnet. Zum kommenden Lehrjahr akzeptieren eine Auszubildende (m/w/d) für den Lehrberuf Fachinformatiker/in Anwendungsentwicklung (FiA).

Wir arbeiten mit unseren Auszubildenden in kleinen Teams und mit baldigem Kundenkontakt. Vorraussetzungen für Bewerber sind Talent zum Tüfteln, Spaß an genialen / kreativen Lösungen, Teamgeist, Elan und unbändiger Wissensdurst.",,Abitur / Allgemeine Hochschulreife,Ausbildung | Fachinformatiker/in - Anwendungsentwicklung,Die KM-IT GmbH ist als internationaler Softwareentwickler durch die IHK für herausragende Leistungen in der Berufsausbildung ausgezeichnet. Zum kommenden Lehrjahr akzeptieren eine Auszubildende (m/w/d) für den Lehrberuf Fachinformatiker/in Anwendungsentwicklung (FiA).,,http://www.arbeitsagentur.de,,,"Wir arbeiten mit unseren Auszubildenden in kleinen Teams und mit baldigem Kundenkontakt. Vorraussetzungen für Bewerber sind Talent zum Tüfteln, Spaß an genialen / kreativen Lösungen, Teamgeist, Elan und unbändiger Wissensdurst.",,https://www.arbeitsagentur.de/jobsuche/jobdetail/10001-1003046294-S,2026-06-11T07:53:01.195390+00:00
16818-100814418-S,fachinformatiker_ae,msg systems AG,"48.5676951,13.4649178",Passau,94032 Passau,"Ausbildung Fachinformatiker*in Anwendungsentwicklung
Bei der msg Gruppe erwarten dich strategische Beratung, spannende IT‑Projekte, attraktive Karriereperspektiven sowie Kontinuität, Sicherheit und ein nachhaltiger Ansatz in der Zusammenarbeit.
Wir sind msg for banking — ein Team von mehr als 700 klugen Köpfen, das mit Fachwissen, IT‑Kompetenz und Leidenschaft Kunden der Finanzdienstleistungsbranche begleitet. Diversität, langfristige Zusammenarbeit und kontinuierliche Weiterentwicklung sind uns wichtig. Wir freuen uns, wenn auch du bald Teil unseres Teams wirst.
Ausbildung Fachinformatiker Anwendungsentwicklung für 2026 (all genders)
Das erwartet dich bei uns
- Start zum 01.09.2026
- Eine vertraute, teamorientierte Arbeitsatmosphäre
- Praxisnahe, vielseitige Ausbildung in crossfunktionalen Teams und das Erlernen agiler Methoden
- Herausfordernde Aufgaben in der Software‑Individualentwicklung und im IT‑Consulting
- Spannende Projekte mit modernen Technologien und bankfachlichen Fragestellungen
- Stärkenorientierte und vielfältige Fort‑ und Weiterbildungsmöglichkeiten
- Intensive Einarbeitung und Betreuung vom ersten Ausbildungstag bis zur Abschlussprüfung
- Übernahme in ein festes Arbeitsverhältnis bei guter Leistung
Das bringst du mit
- Abgeschlossenes gutes oder sehr gutes (Fach‑)Abitur; auch Studienabbrecher sind willkommen
- Technisches Verständnis und Freude am Lösen komplexer Aufgaben
- Sicherer Umgang mit MS‑Office‑Programmen und selbstständige Arbeitsweise
- Erste Programmierkenntnisse in Java
- Hohe Einsatzbereitschaft, gute kommunikative Fähigkeiten und projektbezogene Reisebereitschaft
- Teamfähigkeit und Spaß am Umgang mit Menschen
- Verhandlungssichere Deutschkenntnisse (mind. C1) und gute Englischkenntnisse (mind. B2)
Wir freuen uns auf deine Bewerbung und darauf, dich auf deinem Weg in die IT‑Welt zu begleiten.",,"Das bringst du mit
- Abgeschlossenes gutes oder sehr gutes (Fach‑)Abitur; auch Studienabbrecher sind willkommen
- Technisches Verständnis und Freude am Lösen komplexer Aufgaben
- Sicherer Umgang mit MS‑Office‑Programmen und selbstständige Arbeitsweise
- Erste Programmierkenntnisse in Java
- Hohe Einsatzbereitschaft, gute kommunikative Fähigkeiten und projektbezogene Reisebereitschaft
- Teamfähigkeit und Spaß am Umgang mit Menschen
- Verhandlungssichere Deutschkenntnisse (mind. C1) und gute Englischkenntnisse (mind. B2)
Wir freuen uns auf deine Bewerbung und darauf, dich auf deinem Weg in die IT‑Welt zu begleiten.",Ausbildung | Fachinformatiker/in - Anwendungsentwicklung,"Ausbildung Fachinformatiker*in Anwendungsentwicklung
Bei der msg Gruppe erwarten dich strategische Beratung, spannende IT‑Projekte, attraktive Karriereperspektiven sowie Kontinuität, Sicherheit und ein nachhaltiger Ansatz in der Zusammenarbeit.
Wir sind msg for banking — ein Team von mehr als 700 klugen Köpfen, das mit Fachwissen, IT‑Kompetenz und Leidenschaft Kunden der Finanzdienstleistungsbranche begleitet. Diversität, langfristige Zusammenarbeit und kontinuierliche Weiterentwicklung sind uns wichtig. Wir freuen uns, wenn auch du bald Teil unseres Teams wirst.
Ausbildung Fachinformatiker Anwendungsentwicklung für 2026 (all genders)
Das erwartet dich bei uns
- Start zum 01.09.2026
- Eine vertraute, teamorientierte Arbeitsatmosphäre
- Praxisnahe, vielseitige Ausbildung in crossfunktionalen Teams und das Erlernen agiler Methoden","- Stärkenorientierte und vielfältige Fort‑ und Weiterbildungsmöglichkeiten
- Intensive Einarbeitung und Betreuung vom ersten Ausbildungstag bis zur Abschlussprüfung
- Übernahme in ein festes Arbeitsverhältnis bei guter Leistung
Das bringst du mit
- Abgeschlossenes gutes oder sehr gutes (Fach‑)Abitur; auch Studienabbrecher sind willkommen
- Technisches Verständnis und Freude am Lösen komplexer Aufgaben
- Sicherer Umgang mit MS‑Office‑Programmen und selbstständige Arbeitsweise
- Erste Programmierkenntnisse in Java
- Hohe Einsatzbereitschaft, gute kommunikative Fähigkeiten und projektbezogene Reisebereitschaft
- Teamfähigkeit und Spaß am Umgang mit Menschen
- Verhandlungssichere Deutschkenntnisse (mind. C1) und gute Englischkenntnisse (mind. B2)",https://www.studyflix.de,,https://studyflix.de/ausbildung/angebote/461135?l=814418&utm_source=ba,01.09.2026,,https://www.arbeitsagentur.de/jobsuche/jobdetail/16818-100814418-S,2026-06-11T07:53:01.587520+00:00
16818-100814417-S,fachinformatiker_ae,msg systems AG,"48.2397827,11.6971732",Ismaning,85737 Ismaning,"Ausbildung Fachinformatiker*in Anwendungsentwicklung
Bei der msg Gruppe erwarten dich strategische Beratung, spannende IT‑Projekte, attraktive Karriereperspektiven sowie Kontinuität, Sicherheit und ein nachhaltiger Ansatz in der Zusammenarbeit.
Wir sind msg for banking — ein Team von mehr als 700 klugen Köpfen, das mit Fachwissen, IT‑Kompetenz und Leidenschaft Kunden der Finanzdienstleistungsbranche begleitet. Diversität, langfristige Zusammenarbeit und kontinuierliche Weiterentwicklung sind uns wichtig. Wir freuen uns, wenn auch du bald Teil unseres Teams wirst.
Ausbildung Fachinformatiker Anwendungsentwicklung für 2026 (all genders)
Das erwartet dich bei uns
- Start zum 01.09.2026
- Eine vertraute, teamorientierte Arbeitsatmosphäre
- Praxisnahe, vielseitige Ausbildung in crossfunktionalen Teams und das Erlernen agiler Methoden
- Herausfordernde Aufgaben in der Software‑Individualentwicklung und im IT‑Consulting
- Spannende Projekte mit modernen Technologien und bankfachlichen Fragestellungen
- Stärkenorientierte und vielfältige Fort‑ und Weiterbildungsmöglichkeiten
- Intensive Einarbeitung und Betreuung vom ersten Ausbildungstag bis zur Abschlussprüfung
- Übernahme in ein festes Arbeitsverhältnis bei guter Leistung
Das bringst du mit
- Abgeschlossenes gutes oder sehr gutes (Fach‑)Abitur; auch Studienabbrecher sind willkommen
- Technisches Verständnis und Freude am Lösen komplexer Aufgaben
- Sicherer Umgang mit MS‑Office‑Programmen und selbstständige Arbeitsweise
- Erste Programmierkenntnisse in Java
- Hohe Einsatzbereitschaft, gute kommunikative Fähigkeiten und projektbezogene Reisebereitschaft
- Teamfähigkeit und Spaß am Umgang mit Menschen
- Verhandlungssichere Deutschkenntnisse (mind. C1) und gute Englischkenntnisse (mind. B2)
Wir freuen uns auf deine Bewerbung und darauf, dich auf deinem Weg in die IT‑Welt zu begleiten.",,"Das bringst du mit
- Abgeschlossenes gutes oder sehr gutes (Fach‑)Abitur; auch Studienabbrecher sind willkommen
- Technisches Verständnis und Freude am Lösen komplexer Aufgaben
- Sicherer Umgang mit MS‑Office‑Programmen und selbstständige Arbeitsweise
- Erste Programmierkenntnisse in Java
- Hohe Einsatzbereitschaft, gute kommunikative Fähigkeiten und projektbezogene Reisebereitschaft
- Teamfähigkeit und Spaß am Umgang mit Menschen
- Verhandlungssichere Deutschkenntnisse (mind. C1) und gute Englischkenntnisse (mind. B2)
Wir freuen uns auf deine Bewerbung und darauf, dich auf deinem Weg in die IT‑Welt zu begleiten.",Ausbildung | Fachinformatiker/in - Anwendungsentwicklung,"Ausbildung Fachinformatiker*in Anwendungsentwicklung
Bei der msg Gruppe erwarten dich strategische Beratung, spannende IT‑Projekte, attraktive Karriereperspektiven sowie Kontinuität, Sicherheit und ein nachhaltiger Ansatz in der Zusammenarbeit.
Wir sind msg for banking — ein Team von mehr als 700 klugen Köpfen, das mit Fachwissen, IT‑Kompetenz und Leidenschaft Kunden der Finanzdienstleistungsbranche begleitet. Diversität, langfristige Zusammenarbeit und kontinuierliche Weiterentwicklung sind uns wichtig. Wir freuen uns, wenn auch du bald Teil unseres Teams wirst.
Ausbildung Fachinformatiker Anwendungsentwicklung für 2026 (all genders)
Das erwartet dich bei uns
- Start zum 01.09.2026
- Eine vertraute, teamorientierte Arbeitsatmosphäre
- Praxisnahe, vielseitige Ausbildung in crossfunktionalen Teams und das Erlernen agiler Methoden","- Stärkenorientierte und vielfältige Fort‑ und Weiterbildungsmöglichkeiten
- Intensive Einarbeitung und Betreuung vom ersten Ausbildungstag bis zur Abschlussprüfung
- Übernahme in ein festes Arbeitsverhältnis bei guter Leistung
Das bringst du mit
- Abgeschlossenes gutes oder sehr gutes (Fach‑)Abitur; auch Studienabbrecher sind willkommen
- Technisches Verständnis und Freude am Lösen komplexer Aufgaben
- Sicherer Umgang mit MS‑Office‑Programmen und selbstständige Arbeitsweise
- Erste Programmierkenntnisse in Java
- Hohe Einsatzbereitschaft, gute kommunikative Fähigkeiten und projektbezogene Reisebereitschaft
- Teamfähigkeit und Spaß am Umgang mit Menschen
- Verhandlungssichere Deutschkenntnisse (mind. C1) und gute Englischkenntnisse (mind. B2)",https://www.studyflix.de,,https://studyflix.de/ausbildung/angebote/461135?l=814417&utm_source=ba,01.09.2026,,https://www.arbeitsagentur.de/jobsuche/jobdetail/16818-100814417-S,2026-06-11T07:53:01.997289+00:00
16818-100814416-S,fachinformatiker_ae,doubleSlash Net-Business GmbH,"47.6760754,9.509004",Friedrichshafen,88046 Friedrichshafen,"Ausbildung Fachinformatiker*in Anwendungsentwicklung
Beginn der Ausbildung: 1. September 2026
Du interessierst dich für Softwareentwicklung und hattest vielleicht schon erste Kontakte mit Programmierung? Dann passt diese Ausbildung perfekt zu dir. Bei uns arbeitest du von Anfang an mit und lernst praxisnah: Erfahrene Kolleginnen und Kollegen begleiten dich in aktuellen Softwareprojekten und unterstützen dich beim Einstieg ins Entwickeln.
Während der Ausbildung wirst du Teil eines agilen Entwicklungsteams und sammelst praktische Erfahrung in allen wichtigen Schritten der Softwareentwicklung. Du lernst, wie Konzepte entstehen, wie Anwendungen programmiert, getestet und dokumentiert werden und wie User unterstützt und geschult werden.
Zu deinen Aufgaben gehören das Erlernen und Anwenden von Methoden und Werkzeugen der Softwareentwicklung, die Programmierung kundenspezifischer Anwendungen, die Mitarbeit bei der Konzepterstellung sowie das Testen und Dokumentieren der Lösungen. Du wirst aktiv in Projekte eingebunden und arbeitest sowohl im Team als auch selbstständig an echten Aufgaben.
Wir erwarten einen guten mittleren Bildungsabschluss oder Abitur sowie Interesse an IT, Programmierung und mathematisch-technischen Fragestellungen. Wichtig sind eine hohe Lernbereitschaft, Freude an Teamarbeit und selbstständiges Arbeiten sowie sehr gute Deutsch- und gute Englischkenntnisse.
In der Ausbildung wirst du unter anderem in Java, SQL und relationalen Datenbanken (z. B. Oracle, PostgreSQL) sowie in Cloud-Plattformen wie Microsoft Azure und AWS ausgebildet. Werde Teil unseres doubleSlash Teams und lerne das Berufsbild des Junior Softwareentwicklers kennen.
Bewirb dich jetzt um die Ausbildung Fachinformatiker Anwendungsentwicklung (m/w/d). Wir freuen uns auf deine Bewerbung!",,"Wir erwarten einen guten mittleren Bildungsabschluss oder Abitur sowie Interesse an IT, Programmierung und mathematisch-technischen Fragestellungen. Wichtig sind eine hohe Lernbereitschaft, Freude an Teamarbeit und selbstständiges Arbeiten sowie sehr gute Deutsch- und gute Englischkenntnisse.
In der Ausbildung wirst du unter anderem in Java, SQL und relationalen Datenbanken (z. B. Oracle, PostgreSQL) sowie in Cloud-Plattformen wie Microsoft Azure und AWS ausgebildet. Werde Teil unseres doubleSlash Teams und lerne das Berufsbild des Junior Softwareentwicklers kennen.
Bewirb dich jetzt um die Ausbildung Fachinformatiker Anwendungsentwicklung (m/w/d). Wir freuen uns auf deine Bewerbung!",Ausbildung | Fachinformatiker/in - Anwendungsentwicklung,"Ausbildung Fachinformatiker*in Anwendungsentwicklung
Beginn der Ausbildung: 1. September 2026
Du interessierst dich für Softwareentwicklung und hattest vielleicht schon erste Kontakte mit Programmierung? Dann passt diese Ausbildung perfekt zu dir. Bei uns arbeitest du von Anfang an mit und lernst praxisnah: Erfahrene Kolleginnen und Kollegen begleiten dich in aktuellen Softwareprojekten und unterstützen dich beim Einstieg ins Entwickeln.
Während der Ausbildung wirst du Teil eines agilen Entwicklungsteams und sammelst praktische Erfahrung in allen wichtigen Schritten der Softwareentwicklung. Du lernst, wie Konzepte entstehen, wie Anwendungen programmiert, getestet und dokumentiert werden und wie User unterstützt und geschult werden.
Zu deinen Aufgaben gehören das Erlernen und Anwenden von Methoden und Werkzeugen der Softwareentwicklung, die Programmierung kundenspezifischer Anwendungen, die Mitarbeit bei der Konzepterstellung sowie das Testen und Dokumentieren der Lösungen. Du wirst aktiv in Projekte eingebunden und arbeitest sowohl im Team als auch selbstständig an echten Aufgaben.",,https://www.studyflix.de,,https://studyflix.de/ausbildung/angebote/461134?l=814416&utm_source=ba,Du interessierst dich für Softwareentwicklung und hattest vielleicht schon erste Kontakte mit Programmierung? Dann passt diese Ausbildung perfekt zu dir. Bei uns arbeitest du von Anfang an mit und lernst praxisnah: Erfahrene Kolleginnen und Kollegen begleiten dich in aktuellen Softwareprojekten und unterstützen dich beim Einstieg ins Entwickeln.,,https://www.arbeitsagentur.de/jobsuche/jobdetail/16818-100814416-S,2026-06-11T07:53:03.066571+00:00
16818-100798297-S,fachinformatiker_ae,Saertex GmbH,"52.1759082,7.6384066",Saerbeck,48369 Saerbeck,"Ausbildung Fachinformatiker*in Anwendungsentwicklung
Schön, dass du hier gelandet bist: SAERTEX und SAERTEX multiCom stehen für Teamgeist, Zukunftsenergie und wegweisende Hightech‑Materialien.
Seit über 40 Jahren entwickeln wir in der SAERTEX‑Gruppe faserverstärkte Materialien, die dort zum Einsatz kommen, wo Innovation gefragt ist – zum Beispiel in Windrädern, Autos oder sogar in der Raumfahrt. Unsere Tochtergesellschaft SAERTEX multiCom sorgt dafür, dass Abwasserrohre weltweit schnell, sicher und nachhaltig saniert werden – mit modernen Glasfaserlinern für die grabenlose Rohrsanierung. Gemeinsam arbeiten über 1.400 Kolleginnen und Kollegen an 17 Standorten weltweit daran, Materialien und Lösungen für eine nachhaltige Zukunft zu entwickeln.
Unser Team bildet regelmäßig neue Talente aus. Zum 01.08.2026 vergeben wir mehrere Ausbildungsplätze zur Ausbildung zum Fachinformatiker für Anwendungsentwicklung (m/w/d). Starte deine Karriere bei uns und wachse mit uns an spannenden Aufgaben.
Das erwartet dich in der Ausbildung:
- Konzipieren und realisieren von betriebsinternen Softwareanwendungen
- Anwenden von Software‑Entwicklungswerkzeugen
- Fehleranalyse und Fehlerbehebung
- Beratung und Unterstützung der Benutzer
- Software erstellen, anpassen und verbessern
Das bringst Du bereits mit:
- Sehr guter Realschulabschluss oder (Fach‑)Abitur
- Eine Leidenschaft für Computer und Spaß an neuen Technologien
- Ein großes Interesse an IT &amp; Technik
- Organisationsfähigkeit
- Kommunikations‑ und Teamfähigkeit
Ausbildungsdauer: 3 Jahre
Deine Benefits bei SAERTEX:
- Starke Vergütung von Anfang an – im 1. Lehrjahr 1.225 € pro Monat, im weiteren Verlauf 1.415 €.
- Extra‑Prämien für deinen Einsatz – neben Weihnachts‑ und Urlaubsgeld kannst du dir zusätzliche Prämien sichern, z. B. für gute Zeugnisse oder Top‑Bewertungen in deinen Azubi‑Beurteilungen.
- Gemeinsame Events und Teamaktivitäten – vom Kennenlern‑Event am Beach bis zum Azubi‑Tag.
- Weltweit Erfahrungen sammeln – während der Ausbildung hast du die Chance auf Praxiserfahrung an internationalen Standorten oder spannende Messebesuche.
- Mehr Zeit für dich – 13. Gehalt, Urlaubsgeld, 30 Urlaubstage und eine 37‑Stunden‑Woche geben dir Freiraum neben der Ausbildung.
Neugierig geworden? Bewirb Dich in nur 3 Minuten über unser Bewerbungsformular. Wir freuen uns darauf, Dich kennenzulernen!",,"Das bringst Du bereits mit:
- Sehr guter Realschulabschluss oder (Fach‑)Abitur
- Eine Leidenschaft für Computer und Spaß an neuen Technologien
- Ein großes Interesse an IT &amp; Technik
- Organisationsfähigkeit
- Kommunikations‑ und Teamfähigkeit
Ausbildungsdauer: 3 Jahre
Deine Benefits bei SAERTEX:
- Starke Vergütung von Anfang an – im 1. Lehrjahr 1.225 € pro Monat, im weiteren Verlauf 1.415 €.
- Extra‑Prämien für deinen Einsatz – neben Weihnachts‑ und Urlaubsgeld kannst du dir zusätzliche Prämien sichern, z. B. für gute Zeugnisse oder Top‑Bewertungen in deinen Azubi‑Beurteilungen.
- Gemeinsame Events und Teamaktivitäten – vom Kennenlern‑Event am Beach bis zum Azubi‑Tag.
- Weltweit Erfahrungen sammeln – während der Ausbildung hast du die Chance auf Praxiserfahrung an internationalen Standorten oder spannende Messebesuche.
- Mehr Zeit für dich – 13. Gehalt, Urlaubsgeld, 30 Urlaubstage und eine 37‑Stunden‑Woche geben dir Freiraum neben der Ausbildung.",Ausbildung | Fachinformatiker/in - Anwendungsentwicklung,"Ausbildung Fachinformatiker*in Anwendungsentwicklung
Schön, dass du hier gelandet bist: SAERTEX und SAERTEX multiCom stehen für Teamgeist, Zukunftsenergie und wegweisende Hightech‑Materialien.
Seit über 40 Jahren entwickeln wir in der SAERTEX‑Gruppe faserverstärkte Materialien, die dort zum Einsatz kommen, wo Innovation gefragt ist – zum Beispiel in Windrädern, Autos oder sogar in der Raumfahrt. Unsere Tochtergesellschaft SAERTEX multiCom sorgt dafür, dass Abwasserrohre weltweit schnell, sicher und nachhaltig saniert werden – mit modernen Glasfaserlinern für die grabenlose Rohrsanierung. Gemeinsam arbeiten über 1.400 Kolleginnen und Kollegen an 17 Standorten weltweit daran, Materialien und Lösungen für eine nachhaltige Zukunft zu entwickeln.
Unser Team bildet regelmäßig neue Talente aus. Zum 01.08.2026 vergeben wir mehrere Ausbildungsplätze zur Ausbildung zum Fachinformatiker für Anwendungsentwicklung (m/w/d). Starte deine Karriere bei uns und wachse mit uns an spannenden Aufgaben.
Das erwartet dich in der Ausbildung:
- Konzipieren und realisieren von betriebsinternen Softwareanwendungen
- Anwenden von Software‑Entwicklungswerkzeugen
- Fehleranalyse und Fehlerbehebung","Deine Benefits bei SAERTEX:
- Starke Vergütung von Anfang an – im 1. Lehrjahr 1.225 € pro Monat, im weiteren Verlauf 1.415 €.
- Extra‑Prämien für deinen Einsatz – neben Weihnachts‑ und Urlaubsgeld kannst du dir zusätzliche Prämien sichern, z. B. für gute Zeugnisse oder Top‑Bewertungen in deinen Azubi‑Beurteilungen.
- Gemeinsame Events und Teamaktivitäten – vom Kennenlern‑Event am Beach bis zum Azubi‑Tag.
- Weltweit Erfahrungen sammeln – während der Ausbildung hast du die Chance auf Praxiserfahrung an internationalen Standorten oder spannende Messebesuche.
- Mehr Zeit für dich – 13. Gehalt, Urlaubsgeld, 30 Urlaubstage und eine 37‑Stunden‑Woche geben dir Freiraum neben der Ausbildung.
Neugierig geworden? Bewirb Dich in nur 3 Minuten über unser Bewerbungsformular. Wir freuen uns darauf, Dich kennenzulernen!",https://www.studyflix.de,,https://studyflix.de/ausbildung/angebote/450884?l=798297&utm_source=ba,01.08.2026,"- Extra‑Prämien für deinen Einsatz – neben Weihnachts‑ und Urlaubsgeld kannst du dir zusätzliche Prämien sichern, z. B. für gute Zeugnisse oder Top‑Bewertungen in deinen Azubi‑Beurteilungen.
- Gemeinsame Events und Teamaktivitäten – vom Kennenlern‑Event am Beach bis zum Azubi‑Tag.
- Weltweit Erfahrungen sammeln – während der Ausbildung hast du die Chance auf Praxiserfahrung an internationalen Standorten oder spannende Messebesuche.
- Mehr Zeit für dich – 13. Gehalt, Urlaubsgeld, 30 Urlaubstage und eine 37‑Stunden‑Woche geben dir Freiraum neben der Ausbildung.
Neugierig geworden? Bewirb Dich in nur 3 Minuten über unser Bewerbungsformular. Wir freuen uns darauf, Dich kennenzulernen!",https://www.arbeitsagentur.de/jobsuche/jobdetail/16818-100798297-S,2026-06-11T07:53:03.440077+00:00
10001-1000938128-S,fachinformatiker_ae,Güttler Logistik GmbH,"50.310911833000034,11.877584054000067","Hof, Saale","Fuhrmannstr. 8, 95030 Hof, Saale","GÜTTLER LOGISTIK - ein modernes, global agierendes mittelständisches Logistik- und Speditionsunternehmen aus Hof mit Kooperationen im Stückgutbereich, starken Partnern und eigenem Fuhrpark.

Wir suchen zum Ausbildungsstart am 01.09.2026:

**Auszubildenden zum Fachinformatiker für Anwendungsentwicklung (m/w/d)**

Als Fachinformatiker arbeitest Du bei uns in einem starken, dynamischen Team mit modernen Werkzeugen an der digitalen Zukunft des Unternehmens.
Während auf dem Hof der LKW ordnungsgemäß beladen wird, muss durch die IT sichergestellt sein, dass alle nötigen Daten für Disposition, Fahrer und Empfangspartner bereitstehen.
In deinem Tagesgeschäft konzipierst und entwickelst du nicht nur Softwarelösungen, sondern begleitest diese auch direkt in der Praxis.

**Während Deiner 3-jährigen Ausbildung entwickelst du dich in folgenden Bereichen:**

- Weiterentwicklung von Softwareprojekten mittels moderner Programmiersprachen 
- Umgang mit Datenbanken und Linux-Servern 
- Enge Zusammenarbeit mit anderen Teams (Projektmanagement, Administration, andere Entwicklerteams, operative Abteilungen) 
- Und vieles mehr... 

**Was wir von Dir erwarten:**

- Begeisterung für IT 
- Abstraktes Denkvermögen 
- Lösungsorientiertes Arbeiten 
- Guter, humorvoller Umgangston 
- Mindestens mittlere Reife 
- Praktische Erfahrung (durch z.B. eigene Projekte/Praktika) von Vorteil 
- Denken am Puls der Zeit 

**Was wir Dir bieten:**

- Kontakte knüpfen leicht gemacht - Einführungstag mit allen neu eingestellten Auszubildenden 
- Fester Ansprechpartner/Ausbildungsverantwortlicher in deiner Abteilung 
- Eigener Arbeitsplatz mit moderner Hardware 
- Ein Arbeitsumfeld mit kurzen Entscheidungswegen sowie hilfsbereiten und freundlichen Kollegen 
- Mitarbeiter-Benefits-Programm 
- zahlreiche Firmenevents (Ostergrillen, Sonnwendfeier, Weihnachtsfeier, ...) zur Stärkung des WIR-Gefühls

Haben wir dein Interesse geweckt und möchten du Teil des #TeamGüttler werden? Wir freuen uns auf deine aussagekräftige Bewerbung, bevorzugt per E-Mail an Sandra Köppel \*\*[bewerbung@guettlerlogistik.de](https://mailto:bewerbung@guettlerlogistik.de)\*\*

Anlagen können nur in Form einer pdf-Datei gesichtet werden.

Bitte beachte, dass postalisch eingereichte Bewerbungen nicht zurück geschickt werden.

**Güttler Logistk GmbH**
**Frau Sandra Köppel**
Fuhrmannstraße 8, 95030 Hof
Telefon: +(49)9281 76 77-281
E-Mail: [bewerbung@guettlerlogistik.de](https://mailto:s.reuther@guettlerlogistik.de)",,Mittlere Reife / Realschulabschluss,Ausbildung | Fachinformatiker/in - Anwendungsentwicklung,"GÜTTLER LOGISTIK - ein modernes, global agierendes mittelständisches Logistik- und Speditionsunternehmen aus Hof mit Kooperationen im Stückgutbereich, starken Partnern und eigenem Fuhrpark.","- Mitarbeiter-Benefits-Programm
- zahlreiche Firmenevents (Ostergrillen, Sonnwendfeier, Weihnachtsfeier, ...) zur Stärkung des WIR-Gefühls",http://www.arbeitsagentur.de,bewerbung@guettlerlogistik.de,,- Kontakte knüpfen leicht gemacht - Einführungstag mit allen neu eingestellten Auszubildenden,,https://www.arbeitsagentur.de/jobsuche/jobdetail/10001-1000938128-S,2026-06-11T07:53:03.821808+00:00
10001-1003176620-S,fachinformatiker_ae,christmann informationstechnik + medien GmbH & Co. KG,"52.2624821,10.2165237",Ilsede,"Ilseder Hütte 10c, 31241 Ilsede","**Starte Deine Zukunft als Fachinformatiker/-in für Anwendungsentwicklung (m/w/d)**

Du liebst Technik, tüftelst gern an Lösungen und hast schon Deinen eigenen Code geschrieben?

Dann bist Du bei uns genau richtig!

Wir entwickeln Software, die Schulen digitaler, moderner und effizienter macht. Dafür brauchen wir Menschen, die Lust haben, wirklich etwas zu bewegen.

**Was Dich bei uns erwartet**

- Ein junges Team, das Dich unterstützt und mitnimmt
- Projekte rund um Schuldigitalisierung, Automatisierung und moderne Web-Anwendungen
- Arbeiten mit realen Systemen statt Übungsaufgaben
- Moderne Technologien und praxisnahes Lernen
- Coole Team-Events wie Gaming-Nights, Ausflüge o.ä.
- Eine Ausbildung, in der Du Schritt für Schritt zum/zur professionellen Entwickler/-in wirst

**Das solltest Du mitbringen**

Du musst kein Profi sein, aber ganz neu ist das Thema für Dich idealerweise nicht.

Wir freuen uns besonders, wenn Du:

- erste Programmiererfahrung hast (egal ob Website, kleines Script oder Schulprojekt)
- neugierig bist und Lust hast Dich in neue Technologien einzuarbeiten
- schon einmal mit Begriffen wie **HTML, CSS, JavaScript, Go, C#, Linux, Docker, Datenbanken, Git oder Vue.js&#160;**in Berührung gekommen bist
- eigene Projekte oder ein GitHub-Profil hast (kein Muss, aber ein großes Plus!)

Kurz gesagt:
Du solltest Begeisterung fürs Programmieren mitbringen, den Rest lernst du bei uns.

**So läuft die Ausbildung**

Die Ausbildung dauert i.d.R. drei Jahre und verbindet praktische Arbeit im Unternehmen mit Berufsschulunterricht.

Bei uns arbeitest Du von Anfang an in echten Projekten mit und bekommst eine solide Grundlage für Deinen Karriereweg als Anwendungsentwickler/-in.

**Bewirb Dich jetzt!**

Schick uns Deine Bewerbungsunterlagen mit einem kurzen Motivationsschreiben, Lebenslauf und Deinen letzten beiden Zeugnissen an: [ausbildung@christmann.info](https://mailto:ausbildung@christmann.info)

Wenn Du eigene Projekte hast oder Code-Beispiele teilen möchtest, freuen wir uns sehr darüber!

**Noch Fragen?**

Dann melde Dich gern bei uns:

[ausbildung@christmann.info](https://mailto:ausbildung@christmann.info)

05172 98760

Wir freuen uns darauf Dich kennenzulernen!",,"- eigene Projekte oder ein GitHub-Profil hast (kein Muss, aber ein großes Plus!)
Mittlere Reife / Realschulabschluss",Ausbildung | Fachinformatiker/in - Anwendungsentwicklung,**Starte Deine Zukunft als Fachinformatiker/-in für Anwendungsentwicklung (m/w/d)**,**Das solltest Du mitbringen**,http://www.arbeitsagentur.de,ausbildung@christmann.info,,05172 98760,"Schick uns Deine Bewerbungsunterlagen mit einem kurzen Motivationsschreiben, Lebenslauf und Deinen letzten beiden Zeugnissen an: [ausbildung@christmann.info](https://mailto:ausbildung@christmann.info)",https://www.arbeitsagentur.de/jobsuche/jobdetail/10001-1003176620-S,2026-06-11T07:53:04.218482+00:00
10001-1003194739-S,fachinformatiker_ae,Tobit Laboratories AG,"52.067295,7.0171155",Ahaus,"Parallelstr. 41, 48683 Ahaus","Software frisst die Welt! Nichts ändert unseren Alltag so wie die konsequente Verbindung von allem und allen. Als Anwendungsentwickler bei uns trägst Du maßgeblich dazu bei, den Alltag von tausenden Menschen durch Programme und Apps Stück für Stück besser zu machen. Im Fokus steht dabei die Entwicklung von benutzerfreundlichen Lösungen, die ohne ein Handbuch von jedem verstanden werden können - einfach und intuitiv. 

Du programmierst bereits hobbymäßig zu Hause und hast eine große Leidenschaft für moderne Technologien? HTML, CSS oder JavaScript sind keine idk für Dich und chayns kennst Du natürlich auch? 

Dann bist Du genau richtig bei uns! Als Anwendungsentwickler kümmerst Du Dich mit einem tollen Team darum, die Software zu coden, die bereits in den Hosentaschen von Millionen Menschen läuft!

Bewerbung per Chat!

www.tobit.com/einstieg",,Fachhochschulreife,Ausbildung | Fachinformatiker/in - Anwendungsentwicklung,"Software frisst die Welt! Nichts ändert unseren Alltag so wie die konsequente Verbindung von allem und allen. Als Anwendungsentwickler bei uns trägst Du maßgeblich dazu bei, den Alltag von tausenden Menschen durch Programme und Apps Stück für Stück besser zu machen. Im Fokus steht dabei die Entwicklung von benutzerfreundlichen Lösungen, die ohne ein Handbuch von jedem verstanden werden können - einfach und intuitiv.",,http://www.arbeitsagentur.de,,,,,https://www.arbeitsagentur.de/jobsuche/jobdetail/10001-1003194739-S,2026-06-11T07:53:04.655462+00:00
10001-1003176499-S,fachinformatiker_ae,Jupiter Software Consulting GmbH,"52.239024,8.1616725","Bissendorf, Kreis Osnabrück","Zum Eistruper Feld 34, 49143 Bissendorf, Kreis Osnabrück","## Aufgabenbereich

## So könnte die To-Do-Liste aussehen - wir geben unseren Mitarbeiter:innen Freiraum was persönliche Fokussierung bestimmter Aufgaben und Tätigkeiten angeht, insbesondere um Stärken weiter auszubauen

Als Auszubildender im Bereich Fachinformatik für Anwendungsentwicklung, mit Fokus auf Microsoft Dynamics 365 Business Central, liegt eine breite Palette von Aufgaben vor dir. Dies beinhaltet die detaillierte Analyse der betrieblichen Abläufe, die Interaktion mit verschiedenen Ansprechpartnern zur Erfassung präziser Anforderungen und die Identifikation von Optimierungsmöglichkeiten in bestehenden Systemen.

Deine Hauptaufgabe besteht in der Entwicklung von Softwareanwendungen, wobei du die Programmiersprachen C/AL oder AL nutzt, die speziell für Dynamics 365 Business Central entwickelt wurden. Neben der Anpassung und Erweiterung von Standardfunktionalitäten umfasst dies auch die Implementierung von maßgeschneiderten Modulen.

Du wirst ebenfalls mit der Konzeption und Implementierung von Datenbankstrukturen betraut, um eine effiziente Datenverwaltung sicherzustellen. Die Gewährleistung der Funktionalität deiner erstellten Anwendungen durch umfassende Tests und das Beheben von etwaigen Fehlern sind Bestandteile deiner Aufgaben. Des Weiteren fällt die Erstellung von Entwicklungs- und Benutzerdokumentationen in deinen Aufgabenbereich.

Die Kundenbetreuung bildet einen weiteren Aspekt deiner Tätigkeiten, indem du Endbenutzern Unterstützung anbietest und Ihnen deine entwickelten Funktionalitäten nahebringst. 

## Was erwartet Dich während der Ausbildung?

Der schulische Teil der Ausbildung findet tageweise an einer Berufsschule in Osnabrück statt. Hier lernst Du die theoretischen Grundlagen für die Arbeit als Anwendungsentwickler. An deinen Arbeitstagen bekommst du bereits deine ersten Projektaufgaben zugeteilt, bei denen Dich dein Mentor bei Fragen immer unterstützt.

## Was erwartet dich auf dem Jupiter?

### Wir bilden Dich aus, um Dich zu übernehmen.

Deswegen bereiten wir Dich konsequent auf das Arbeitsleben vor, schulen Dich entsprechend und werden Dir nach und nach mehr Verantwortung übertragen. Dein Pate, welcher Dir während Deiner gesamten Ausbildungszeit zur Seite steht, wird Dich dabei unterstützen und Dir aufkommende Fragen beantworten. Wenn Du besondere Vorkenntnisse hast oder mit guten Leistungen glänzt, geben wir Dir gerne die Möglichkeit, Deine Ausbildung zu verkürzen.

## Bewerberprofil

## Folgende Qualifikationen wünschen wir uns von unseren Kandidaten

- Du hast Dein (Fach-)Abitur in der Tasche oder verfügst über einen qualifizierten Realschulabschluss mit gutem bis sehr guten Notendurchschnitt
- Zu Deinen Stärken gehört logisches Denken
- Du bist sorgfältig und strukturiert
- Du interessierst Dich für die IT, bestenfalls hast du schon erste Erfahrungen in der Informatik oder beim Entwickeln gemacht
- Du besitzt einen Führerschein der Klasse B",,"Als Auszubildender im Bereich Fachinformatik für Anwendungsentwicklung, mit Fokus auf Microsoft Dynamics 365 Business Central, liegt eine breite Palette von Aufgaben vor dir. Dies beinhaltet die detaillierte Analyse der betrieblichen Abläufe, die Interaktion mit verschiedenen Ansprechpartnern zur Erfassung präziser Anforderungen und die Identifikation von Optimierungsmöglichkeiten in bestehenden Systemen.
Mittlere Reife / Realschulabschluss",Ausbildung | Fachinformatiker/in - Anwendungsentwicklung,## Aufgabenbereich,,http://www.arbeitsagentur.de,,,"Als Auszubildender im Bereich Fachinformatik für Anwendungsentwicklung, mit Fokus auf Microsoft Dynamics 365 Business Central, liegt eine breite Palette von Aufgaben vor dir. Dies beinhaltet die detaillierte Analyse der betrieblichen Abläufe, die Interaktion mit verschiedenen Ansprechpartnern zur Erfassung präziser Anforderungen und die Identifikation von Optimierungsmöglichkeiten in bestehenden Systemen.",,https://www.arbeitsagentur.de/jobsuche/jobdetail/10001-1003176499-S,2026-06-11T07:53:05.040541+00:00
10000-1206386612-S,fachinformatiker_ae,KRONE Business Center DigITAL GmbH & Co. KG,"52.8499391,7.6621147","Werlte, Emsland","49757 Werlte, Emsland","Als Teil der KRONE Gruppe leisten wir innovative und zuverlässige Unterstützung im Arbeitsfeld IT und Rechnungswesen. Mitarbeiter (m/w/d) haben bei uns den nötigen Raum für Kreativität, Eigeninitiative und Entfaltung. Weltweit mehr als 5.000 Mitarbeiter (m/w/d) gehören zum aktuellen KRONE Team. Hochmotiviert und dynamisch tragen wir alle mit unseren Taten und Talenten zur heutigen und zukünftigen KRONE Erfolgsstory bei.

Verstärke unser Team und finden Sie Ihren Platz bei der Krone Business Center GmbH & Co. KG an unserem Standort in Spelle, Werlte und Hselünne ab dem 01.08.2027 als

Auszubildender zum **Fachinformatiker für Anwendungsentwicklung (m/w/d)**

Als Fachinformatiker für Awendungsentwicklung (m/w/d) bei KRONE bekommst Du die Grundlagen der Informatik vermittelt und arbeitest in einem der größten IT-Systemhäuser der Region. Du durchläufst verschiedene Abteilungen und lernst so die ganze Bandbreite betriebsinterner und kundenorientierter Softwarelösungen kennen. Ob es um die Verbesserung der Datenverwaltung geht oder um Content-Managment-Systeme. Du bist Ansprechpartner für unsere Mitarbeiter und Kunden und unterstützt in allen Belangen.

**Dauer der Ausbildung**

- 3 Jahre

**Du lernst**

- Durchführung von Tests bei bestehenden Anwendungen
- Anpassung von Programmen
- Fehlerbehebung und Fehleranalyse
- Dokumentation von Lösungen
- First-Level-Support im Bereich betriebliche Anwendungssysteme 

**Mögliches Einsatzgebiet während der Ausbildung**

- Portale & eCommerce
- IT-Security
- SAP-Entwicklung
- SAP-Produktionslogistik

Da das KRONE Business Center für die IT in der gesamten KRONE Gruppe zuständig ist, kann es temporär zu Einsätzen an verschiedenen Standorten kommen, allerdings ist der einstellende Standort der Hauptstandort.

**Du bringst mit**

- Realschulabschluss
- Gute Noten in Mathematik und Englisch
- Kommunikatives Auftreten
- Selbstständiges und verantwortungsbewusstes Arbeiten

**Mögliche Berufsschulstandorte**

- Nordhorn
- Papenburg
- Meppen

Für Deine Bewerbung nutze bitte unser Online- Bewerbungsformular unter www.krone.de/karriere.",,"**Du bringst mit**
Mittlere Reife / Realschulabschluss",Ausbildung | Fachinformatiker/in - Anwendungsentwicklung,"Als Teil der KRONE Gruppe leisten wir innovative und zuverlässige Unterstützung im Arbeitsfeld IT und Rechnungswesen. Mitarbeiter (m/w/d) haben bei uns den nötigen Raum für Kreativität, Eigeninitiative und Entfaltung. Weltweit mehr als 5.000 Mitarbeiter (m/w/d) gehören zum aktuellen KRONE Team. Hochmotiviert und dynamisch tragen wir alle mit unseren Taten und Talenten zur heutigen und zukünftigen KRONE Erfolgsstory bei.",,http://www.arbeitsagentur.de,,,Als Fachinformatiker für Awendungsentwicklung (m/w/d) bei KRONE bekommst Du die Grundlagen der Informatik vermittelt und arbeitest in einem der größten IT-Systemhäuser der Region. Du durchläufst verschiedene Abteilungen und lernst so die ganze Bandbreite betriebsinterner und kundenorientierter Softwarelösungen kennen. Ob es um die Verbesserung der Datenverwaltung geht oder um Content-Managment-Systeme. Du bist Ansprechpartner für unsere Mitarbeiter und Kunden und unterstützt in allen Belangen.,,https://www.arbeitsagentur.de/jobsuche/jobdetail/10000-1206386612-S,2026-06-11T07:53:05.412186+00:00
10000-1206518499-S,fachinformatiker_ae,RTRC GmbH,"52.484436,7.33185",Lingen (Ems),"Am Seitenkanal 8, 49811 Lingen (Ems)","ROSEN Mitarbeiterinnen und Mitarbeiter besitzen die Leidenschaft für Technologien und Innovationen. Unser Claim „empowered by technology“ ist der Schlüssel zu unseren herausragenden und einzigartigen Produkten und Dienstleistungen, sowohl in der Öl und Gas - als auch in verschiedensten anderen Industrien. Im Fokus unserer Forschung und unserer Lösungen steht der sichere Betrieb von industriellen Anlagen – zum Schutz von Mensch und Umwelt.

Wir suchen für das Ausbildungsjahr 2027 engagierte und zuverlässige Auszubildende für den Ausbildungsberuf **Fachinformatiker für Anwendungsentwicklung (m/w/d),** mit Spaß an selbstständiger und eigenverantwortlicher Arbeit.

**Das erwartet Dich**

Du bist Feuer und Flamme, wenn es um Technik, Coden oder kreative Problemlösungen geht? Dann ist der Ausbildungsberuf  **Fachinformatiker für Anwendungsentwicklung (m/w/d)&#8239;**genau das richtige für dich.

In **drei Jahren** wirst du in Sachen Anwendungsentwicklung fit gemacht und beherrscht nicht nur die Konzeptionierung und Programmierung objektorientierter Anwendungen, sondern auch das Design und die Entwicklung von Datenbanken.

**Das lernst du bei uns:&#160;**

- Du analysierst, dokumentierst und verbesserst bestehende und neue Anwendungen
- Du erstellst Unit- und Integrationstests und wendest sie an
- Du erweiterst bzw. passt die Anwendungsentwicklung bestehender kundenspezifischer Informations- und Kommunikationssysteme an
- Du lernst, vielfältige Entwurfsmuster zu beherrschen
- Du machst dich mit der Nutzung von Versionsverwaltungssystemen vertraut
- Du wirst Profi, wenn es um die Behebung von Störungen geht.

**Das bringst Du mit**

✌️Du hast einen **guten Realschulabschluss** oder Abitur und interessierst dich für Softwareentwicklung und Betriebssysteme.
✨ **Informatik, Mathematik und der Umgang mit Computern** machen dir Spaß und du hast gute Englischkenntnisse.
 ❤️Du arbeitest **sorgfältig**, bist **zuverläs**sig und möchtest Teil eines **starken Teams** werden.

Du kannst alle Punkte abhaken?✅Dann passt du perfekt zu uns! Mit dem richtigen **Engagement** kannst du deine Ausbildung sogar**&#160;verkürzen** und richtig durchstarten.✈️

**Das bieten wir**

- Es geht am **1. August 2027** los
- Du bekommst folgendes Bruttogehalt:
**1. Lehrjahr: 1.353 Euro**
**2. Lehrjahr: 1.401 Euro**
**3. Lehrjahr: 1.533 Euro**
- Du bekommst ein umfangreiches **Einführungsprogramm**, das dich optimal auf deine Ausbildung bei ROSEN vorbereitet
- **Wir bezahlen deine Schulbücher**
- Du profitierst von vergünstigten Mitgliedschaften im Fitnessstudio und anderen Sportvereinen (über Egym Wellpass)
- Dich erwarten eine super **Azubifahrt&#160;**und Team-Events
- Du arbeitest in einem **internationalen Unternehmen&#160;**mit modernen Arbeitsplätzen
- Du bekommst monatlich attraktive Mitarbeiterrabatte auf viele Produkte über unser Corporate-Benefits-Programm
- Wir bilden für den Eigenbedarf aus! Du hast gute Chancen, nach der Ausbildung übernommen zu werden und dich weiterzuentwickeln

**Das sind wir**

Die ROSEN Gruppe ist ein weltweit führender Anbieter von innovativen Lösungen in allen Bereichen der Integritätsprozesskette. Seit den Anfängen als Ein-Mann-Betrieb im Jahr 1981 ist ROSEN rasant gewachsen und ist heute eine in mehr als 110 Ländern operierende Technologiegruppe mit über 4.000 hochqualifizierten MitarbeiterInnen.

Der Leistungsumfang der ROSEN Gruppe:

- Inspektionen von industriellen Anlagen, um den sicheren und verlässlichen Betrieb nach den höchsten Standards zu gewährleisten
- Individuelles Engineering, das effizientes Anlagen-Integritätsmanagement ermöglicht
- Produktion und Vertrieb mit neuartigen Produkten und Systemen
- Marktorientierte, aktuelle Forschung und Entwicklung nach dem neuesten Stand der Technik, die Produkte und Dienstleistungen mit ""Mehrwert"" bietet

Mehr Informationen zur ROSEN Gruppe unter [www.rosen-group.com](http://www.rosen-group.com/).",,"**Das bringst Du mit**
Mittlere Reife / Realschulabschluss",Ausbildung | Fachinformatiker/in - Anwendungsentwicklung,"ROSEN Mitarbeiterinnen und Mitarbeiter besitzen die Leidenschaft für Technologien und Innovationen. Unser Claim „empowered by technology“ ist der Schlüssel zu unseren herausragenden und einzigartigen Produkten und Dienstleistungen, sowohl in der Öl und Gas - als auch in verschiedensten anderen Industrien. Im Fokus unserer Forschung und unserer Lösungen steht der sichere Betrieb von industriellen Anlagen – zum Schutz von Mensch und Umwelt.",**Das bieten wir**,http://www.arbeitsagentur.de,,,,,https://www.arbeitsagentur.de/jobsuche/jobdetail/10000-1206518499-S,2026-06-11T07:53:05.776430+00:00
10001-1003030981-S,fachinformatiker_ae,Atruvia AG,"51.931665,7.589709","Münster, Westfalen","GAD-Str. 2-6, 48163 Münster, Westfalen","**Starte deine Karriere bei Atruvia: Ausbildung zum Fachinformatiker (m/w/d) – Fachrichtung Anwendungsentwicklung am Standort Münster**

Du möchtest in die Welt der Softwareentwicklung einsteigen und von Anfang an praktisch mitarbeiten? In der Ausbildung zum Fachinformatiker (m/w/d) für Anwendungsentwicklung bei Atruvia kombinierst du fundiertes IT-Know-how mit abwechslungsreichen Aufgaben in der Banken-IT und legst den Grundstein für deine berufliche Zukunft.

**Deine Aufgaben:**

- **Programmiersprachen und Tools kennenlernen:** Schritt für Schritt baust du dir ein solides Fundament in modernen Programmiersprachen, Frameworks und Entwicklungsumgebungen auf.
- **Mitarbeit an Bankensoftware:** Du unterstützt bei der Neu- und Weiterentwicklung von Anwendungen für die Finanzbranche und hilfst, bestehende Systeme zu verbessern.
- **Konzepte erstellen und umsetzen:** Gemeinsam mit deinem Team wirkst du an fachlichen und technischen Konzepten mit und setzt diese in konkrete Softwarelösungen um.
- **Weboberflächen gestalten:** Du beteiligst dich am Design und an der Entwicklung benutzerfreundlicher Weboberflächen.
- **Testen und Dokumentieren:** Durch Tests, Fehleranalyse und Dokumentation trägst du dazu bei, dass unsere Anwendungen stabil, sicher und gut nachvollziehbar sind.

**Deine Ausbildung:**

In rund drei Jahren entwickeln wir dich zum Profi in der Anwendungsentwicklung.

- **Praxisnahe Ausbildung:** Du arbeitest von Beginn an in realen Projekten mit und sammelst praktische Erfahrung in verschiedenen Bereichen der Softwareentwicklung.
- **Fokus auf KI und moderne Technologien:** Du lernst, wie du KI-Tools sinnvoll im Arbeitsalltag nutzt, Daten einordnest und eigene Ideen mit aktuellen Technologien umsetzt – ein Pluspunkt für deine weitere Laufbahn.
- **Einführungswochen:** Zu Ausbildungsstart nimmst du an Kennenlern- und Teamtagen teil und erhältst einen Überblick über Atruvia, deinen Standort und deine Ansprechpartner:innen.
- **Einsatz im Tagesgeschäft:** Du lernst unterschiedliche Abteilungen und Projekte kennen und siehst, wie vielfältig die Aufgaben in der Banken-IT sind.
- **Seminare & Schulungen:** Ergänzend zur Berufsschule besuchst du Seminare, z. B. zu Java, Datenbanken und methodischer Softwareentwicklung.
- **Veranstaltungen & Vernetzung:** Du hast die Möglichkeit, an Hackathons und fachlichen Events teilzunehmen und dich mit anderen Auszubildenden sowie Kolleg:innen zu vernetzen.
- **Übernahme im Fokus:** Unser Ziel ist deine unbefristete Übernahme nach erfolgreichem Abschluss der Ausbildung – wir bilden für den eigenen Bedarf aus.

**Was uns ausmacht:**

- **Neue Perspektiven:** Bei Atruvia lernst du von erfahrenen Expert:innen der Banken-IT und wirst selbst Schritt für Schritt Teil dieser Community.
- **Qualitativ hochwertige Ausbildung:** Unsere Ausbildung ist auf einem hohen Niveau ausgerichtet und wurde bereits mehrfach ausgezeichnet.
- **Weiterbildungs- und Entwicklungsmöglichkeiten:** Auch nach der Ausbildung kannst du dich bei uns fachlich und persönlich weiterentwickeln.
- **Feedback- und Lernkultur:** Regelmäßige Rückmeldungen helfen dir, dich kontinuierlich zu verbessern – wir lernen gemeinsam.
- **Agile und innovative Projekte:** Du arbeitest in modernen, agilen Teams an zukunftsorientierten IT-Lösungen.

**Was wir bieten:**

- **Mehr als nur „Reinschnuppern“:** Du bist vom ersten Tag an voll im Team integriert und übernimmst eigenständige Aufgaben.
- **Attraktive Vergütung und Zusatzleistungen:** Ausbildungsvergütung mit 13. und 14. Gehalt, Zuschuss zu Fahrtkosten sowie bezuschusstes Mittagessen in unseren Betriebsrestaurants.
- **Offene Teamkultur:** Ein wertschätzendes, kollegiales Miteinander ist uns wichtig – gemeinsam erreichen wir mehr.
- **Individuelle Betreuung:** Ausbilder:innen und Fachkräfte begleiten dich während der gesamten Ausbildung.
- **Eigenverantwortliches Arbeiten:** Du kannst deine Ideen einbringen und lernst, Aufgaben selbstständig zu organisieren.

**Anforderungen:**

- Ausgeprägtes Interesse an IT-Themen und Softwareentwicklung
- Logisches und analytisches Denkvermögen
- Sehr gute Deutschkenntnisse (mindestens Niveau C1) sowie gute Englischkenntnisse
- Freude an der Arbeit im Team, Zuverlässigkeit und Engagement

**So bewirbst du dich:**

Bitte bewirb dich online über das Bewerbungsportal von Atruvia und reiche folgende Unterlagen ein:

- Lebenslauf (tabellarisch)
- die letzten drei Schulzeugnisse
- ggf. weitere Bescheinigungen (z. B. Praktika, Zertifikate)
- ein Anschreiben ist möglich, aber kein Muss

**Unser Auswahlprozess:**

Nach Eingang deiner Bewerbung erhältst du – bei grundsätzlicher Eignung – eine Einladung zu einem Online-Test, den du bequem von zu Hause aus durchführen kannst. Fällt dieser positiv aus und passen deine Unterlagen, folgt ein Vorstellungsgespräch. Dort lernst du uns kennen und kannst deine Fragen stellen. Im Anschluss an das Gespräch bekommst du zeitnah eine Rückmeldung von uns.

**Werde Teil unserer IT-Familie – IT feels like home!**",Jahr 1: 1313 EUR/Monat | Jahr 2: 1431 EUR/Monat | Jahr 3: 1551 EUR/Monat,"**Anforderungen:**
Mittlere Reife / Realschulabschluss",Ausbildung | Fachinformatiker/in - Anwendungsentwicklung,**Starte deine Karriere bei Atruvia: Ausbildung zum Fachinformatiker (m/w/d) – Fachrichtung Anwendungsentwicklung am Standort Münster**,"- **Weiterbildungs- und Entwicklungsmöglichkeiten:** Auch nach der Ausbildung kannst du dich bei uns fachlich und persönlich weiterentwickeln.
- **Feedback- und Lernkultur:** Regelmäßige Rückmeldungen helfen dir, dich kontinuierlich zu verbessern – wir lernen gemeinsam.
- **Agile und innovative Projekte:** Du arbeitest in modernen, agilen Teams an zukunftsorientierten IT-Lösungen.",http://www.arbeitsagentur.de,,,"- **Einführungswochen:** Zu Ausbildungsstart nimmst du an Kennenlern- und Teamtagen teil und erhältst einen Überblick über Atruvia, deinen Standort und deine Ansprechpartner:innen.",Bitte bewirb dich online über das Bewerbungsportal von Atruvia und reiche folgende Unterlagen ein:,https://www.arbeitsagentur.de/jobsuche/jobdetail/10001-1003030981-S,2026-06-11T07:53:10.263956+00:00
10000-1205064777-S,fachinformatiker_ae,iFD GmbH,"50.7950279,12.9136702","Chemnitz, Sachsen","Schulstr. 44, 09125 Chemnitz, Sachsen","Die iFD GmbH plant, entwickelt und realisiert weltweit Softwaresysteme für automatisierte und manuelle Bereiche der Intralogistik in Industrie und Handel.

Zum Ausbildungsbeginn 01.09.2026 bieten wir die Ausbildung zum/zur Fachinformatiker/in für Anwendungsentwicklung an.

Fachinformatiker/innen der Fachrichtung Anwendungsentwicklung entwickeln und programmieren Software nach Kundenwünschen. Du testest bestehende Anwendungen, passt diese an und entwickelst anwendungsgerechte Bedienoberflächen. Für deine Arbeit nutzt du Programmiersprachen und Werkzeuge wie z.B. Entwicklertools.

Du hast die Mittlere Reife (Anforderung Mindestdurchschnitt 2,0) oder Abitur (Anforderung Mindestdurchschnitt 2,8) erlangt oder wirst dies voraussichtlich vor Ausbildungsbeginn erfolgreich erlangen und kannst sehr gute Deutsch-, Mathe- und Englischkenntnisse vorweisen? Dann bist du bei uns genau richtig?

Weitere wünschenswerte Eigenschaften sind: Teamfähigkeit, hohe Belastbarkeit, gepflegtes Auftreten, gute Kommunikation und Aufgeschlossenheit.

Die Berufsschule befindet sich in Chemnitz (BSZ für Technik I).

Eine Unterkunft in Chemnitz wird bei Bedarf gestellt.

Bei erfolgreichem Bestehen der Ausbildung hast du sehr gute Übernahmechancen.

Bitte bewerbe dich per E-Mail oder schriftlich.

Wir freuen uns über deine Bewerbung!",,"Du hast die Mittlere Reife (Anforderung Mindestdurchschnitt 2,0) oder Abitur (Anforderung Mindestdurchschnitt 2,8) erlangt oder wirst dies voraussichtlich vor Ausbildungsbeginn erfolgreich erlangen und kannst sehr gute Deutsch-, Mathe- und Englischkenntnisse vorweisen? Dann bist du bei uns genau richtig?
Mittlere Reife / Realschulabschluss",Ausbildung | Fachinformatiker/in - Anwendungsentwicklung,"Die iFD GmbH plant, entwickelt und realisiert weltweit Softwaresysteme für automatisierte und manuelle Bereiche der Intralogistik in Industrie und Handel.",,http://www.arbeitsagentur.de,,,01.09.2026,,https://www.arbeitsagentur.de/jobsuche/jobdetail/10000-1205064777-S,2026-06-11T07:53:10.631710+00:00
10001-1002026714-S,fachinformatiker_ae,DS Datentechnik und Softwareentwicklung Müftahi,"50.1274589,8.9138452",Hanau,"Am Pedro-Jung-Park 10, 63450 Hanau","DS Datentechnik und Softwareentwicklung Müftahi GmbH ist ein Softwareunternehmen, welches Betriebe, die in der Produktion von Folien, flexiblen Verpackungen und Papier tätig sind, betreut. Mit unserer eigenentwickelten DS-SOFTWARE - einer betriebswirtschaftlichen Softwarelösung zur zentralen Steuerung aller Geschäftsprozesse von Unternehmen der Verpackungsindustrie - sind wir durch jahrelange Erfahrung tief in dieser Branche verwurzelt. Gemeinsam setzen wir uns dafür ein, dass Innovation und Kundenorientierung bei DS Datentechnik und Softwareentwicklung Müftahi GmbH großgeschrieben wird.

Zum 01.08.2026 suchen wir Auszubildende zum Fachinformatiker für Anwendungsentwicklung (m/w/d).

Als Fachinformatiker der Fachrichtung Anwendungsentwicklung realisierst du Softwareprojekte nach Kundenwünschen und planst IT-Lösungen. Zu deinem Aufgabengebiet gehört auch die Gestaltung von anwendungsgerechten Bedienflächen und die Inbetriebnahme der entwickelten Systeme.

Du begeisterst dich für IT?
Beschäftigst dich in deiner Freizeit sogar schon mit Programmierung?

Dann ist eine Ausbildung zum Fachinformatiker für Anwendungsentwicklung genau das Richtige für dich.

Gestalte deine berufliche Zukunft aktiv mit und werde Teil unseres Teams. Wir freuen uns auf deine Bewerbung.",,Mittlere Reife / Realschulabschluss,Ausbildung | Fachinformatiker/in - Anwendungsentwicklung,"DS Datentechnik und Softwareentwicklung Müftahi GmbH ist ein Softwareunternehmen, welches Betriebe, die in der Produktion von Folien, flexiblen Verpackungen und Papier tätig sind, betreut. Mit unserer eigenentwickelten DS-SOFTWARE - einer betriebswirtschaftlichen Softwarelösung zur zentralen Steuerung aller Geschäftsprozesse von Unternehmen der Verpackungsindustrie - sind wir durch jahrelange Erfahrung tief in dieser Branche verwurzelt. Gemeinsam setzen wir uns dafür ein, dass Innovation und Kundenorientierung bei DS Datentechnik und Softwareentwicklung Müftahi GmbH großgeschrieben wird.",,http://www.arbeitsagentur.de,,,01.08.2026,,https://www.arbeitsagentur.de/jobsuche/jobdetail/10001-1002026714-S,2026-06-11T07:53:11.018770+00:00
10000-1206615819-S,fachinformatiker_ae,Druckerei C.H.Beck ZNL Verlag C.H.Beck GmbH & Co. KG,"48.849651,10.485855",Nördlingen,"Bergerstr. 3, 86720 Nördlingen","**Ausbildung zum Fachinformatiker für Anwendungsentwicklung (m/w/d)**
**Nächster Ausbildungsbeginn: 01.09.2027**

Die Druckerei C.H.Beck in Nördlingen ist eine Zweigniederlassung des Verlag C.H.Beck in München.  Wir sind ein vollstufiges Unternehmen aus der Print- und Medienindustrie mit rund 300 Beschäftigten und gehören zu den Marktführern in Deutschland.  Unsere Kompetenzen und Erfahrungen ermöglichen die professionelle Fertigung von Broschuren, Hardcover, Loseblattwerken, Katalogen, Bibeln, Gesangbüchern, Zeitschriften, technischen Dokumentationen sowie von Kalendern.  Eine unserer Stärken liegt in der crossmedialen Herstellung von Publikationen verschiedenster Art für namhafte Kunden aus Verlagen und Industrie.  Mitten in der Nördlinger Altstadt in der Berger Straße liegt unser Werk I. In diesen Gebäuden sind die Verwaltung, der Bereich Elektronische Medien, der Satz, der Digitaldruck und ein Teil der Buchbinderei untergebracht.  Unser Werk II liegt an der Augsburger Straße.  Hier befinden sich die Druckvorstufe, der Rotations- und Bogendruck sowie die Broschuren-, Loseblatt- und Hardcoverfertigung sowie der Versand.

**Folgende Aufgaben warten auf dich**

- Du entwickelst betriebsinterne oder kundenorientierte Software-Lösungen.
- Du planst, entwickelst und erweiterst Programme.
- Du entwickelst anwendungsgerechte Bedieneroberflächen.
- Du analysierst und behebst Fehler in bestehenden Anwendungen.
- Du lernst Entwicklungsprozesse und deren Umsetzung kennen.
- Du setzt moderne Entwicklungsmethoden ein.
- Du wendest unterschiedliche Programmiersprachen an.
- Du bekommst individuelle Weiterbildungsmöglichkeiten.
- Du arbeitest in einem jungen und engagierten Team.

**Erkennst du dich wieder?**

- Du verfügst mindestens über einen guten Abschluss der Mittleren Reife.
- Dich begeistern neue Technologien und Interesse an digitale Medien zeichnet dich aus.
- Du hast Spaß am Experimentieren und bist kreativ.
- Eine gute Auffassungsgabe sowie ein logisches und analytisches Denkvermögen zeichnen dich aus.
- Du arbeitest gerne selbstständig und lernst gerne Neues und bist sehr engagiert.

**Gründe, die für uns sprechen**

- Überdurchschnittliche Ausbildungsvergütung
- Urlaubsgeld und Jahresleistung
- Vermögenswirksame Leistungen
- Zeugnisprämie
- Beteiligung an der betrieblichen Altersvorsorge
- Verschiedene Fortbildungsmöglichkeiten
- Bezuschussung der Fahrtkosten zur Berufsschule
- Mitwirkung an verschiedenen Azubiprojekten
- Firmenevents für Mitarbeiter",,"- Du verfügst mindestens über einen guten Abschluss der Mittleren Reife.
- Dich begeistern neue Technologien und Interesse an digitale Medien zeichnet dich aus.
- Du hast Spaß am Experimentieren und bist kreativ.
- Eine gute Auffassungsgabe sowie ein logisches und analytisches Denkvermögen zeichnen dich aus.
- Du arbeitest gerne selbstständig und lernst gerne Neues und bist sehr engagiert.
Mittlere Reife / Realschulabschluss",Ausbildung | Fachinformatiker/in - Anwendungsentwicklung,"**Ausbildung zum Fachinformatiker für Anwendungsentwicklung (m/w/d)**
**Nächster Ausbildungsbeginn: 01.09.2027**","- Du bekommst individuelle Weiterbildungsmöglichkeiten.
- Du arbeitest in einem jungen und engagierten Team.",http://www.arbeitsagentur.de,,,01.09.2027,"- Zeugnisprämie
- Beteiligung an der betrieblichen Altersvorsorge
- Verschiedene Fortbildungsmöglichkeiten
- Bezuschussung der Fahrtkosten zur Berufsschule
- Mitwirkung an verschiedenen Azubiprojekten
- Firmenevents für Mitarbeiter",https://www.arbeitsagentur.de/jobsuche/jobdetail/10000-1206615819-S,2026-06-11T07:53:11.413701+00:00
10000-1203659253-S,fachinformatiker_ae,Ehrhardt+Partner GmbH & Co. KG,"50.2060868,7.5600887","Boppard, Rhein","Alte Römerstr. 3, 56154 Boppard, Rhein","### DIE POSITION - Darum geht es bei uns

Als Auszubildender der Fachinformatik mit Schwerpunkt Anwendungsentwicklung erhältst Du einen Einstieg in die Welt der Softwareentwicklung. Du wirst Teil eines motivierten, dynamischen Teams und löst selbständig Aufgaben in konkreten Projekten der IT-Logistik.

### DIE AUFGABEN - Damit bewirkst Du etwas

- Im ersten Ausbildungsjahr erlernst Du in einem großen Team von Auszubildenden die Grundlagen der Programmierung und der Programmiermethodik.
- Zudem wirst Du an die Grundlagen der Logistik und an unsere Software-Suite EPG ONE™ herangeführt.
- Ab dem zweiten Ausbildungsjahr wirst Du in einer Fachabteilung eingesetzt und erarbeitest mit Deinem Projektteam Softwarelösungen.
- Dabei bekommst Du einen guten Einblick in den Entwicklungsprozess unserer Lösungen von der Konzeption bis zum Einsatz der Software.
- Du hast die Option, Dein Team bei der Inbetriebnahme der entwickelten Software zu begleiten.
- Zusätzlich besteht die Möglichkeit, Teil eines speziellen Themas zu werden und sich dort vertiefend einzubringen.

### DIE ANFORDERUNGEN - Das macht Dich erfolgreich

- Du schließt Deine Schullaufbahn in naher Zukunft erfolgreich ab oder hast diese bereits abgeschlossen.
- Du hast gute Noten in den naturwissenschaftlichen und technischen Schulfächern.
- Du konntest idealerweise bereits erste praktische Erfahrung in der IT sammeln.
- Du bringst Leidenschaft für das Thema IT, insbesondere für die Programmierung mit.
- Du hast ein freundliches Auftreten, eine zuverlässige, ordentliche Arbeitsweise und zeichnest Dich durch Einsatzbereitschaft aus.
- Dein Profil rundest Du mit guten Deutsch- sowie Grundkenntnissen in Englisch ab.",,"### DIE ANFORDERUNGEN - Das macht Dich erfolgreich
Mittlere Reife / Realschulabschluss",Ausbildung | Fachinformatiker/in - Anwendungsentwicklung,### DIE POSITION - Darum geht es bei uns,,http://www.arbeitsagentur.de,,,,,https://www.arbeitsagentur.de/jobsuche/jobdetail/10000-1203659253-S,2026-06-11T07:53:11.808128+00:00
10000-1203349095-S,fachinformatiker_ae,Hottgenroth Software AG,"50.6464777,7.5249637",Flammersfeld,"Raiffeisenstr. 1, 57632 Flammersfeld","Hottgenroth/ETU entwickelt kaufmännische, technische und CAD-Software, Schornsteinfegersoftware sowie Internetanwendungen für die Bereiche Energieeffizienz, Bauhaupt- und Nebengewerbe sowie haustechnische Planung und Auslegung. Die Programme richten sich an Planer, Architekten, Handwerker und Handelsunternehmen. In einigen Bereichen ist Hottgenroth Software heute Marktführer.

Zur Verstärkung unseres Teams suchen wir zum 01.08.2026

Auszubildende zum Fachinformatiker - Anwendungsentwicklung (m/w/d)

mit mind. Fachhochschulreife.

Fachinformatiker/innen der Fachrichtung Anwendungsentwicklung entwickeln und programmieren Software für den eigenen Betrieb oder für Kundenunternehmen. Beispielsweise erweitern sie betriebseigene Programme oder entwickeln neue Lösungen, die auf die eigenen betrieblichen Bedürfnisse bzw. die Kundenanforderungen zugeschnitten sind. Sie installieren Softwareanwendungen, nehmen sie in Betrieb und weisen ggf. die Anwender in die Bedienung ein. Auch die regelmäßige Aktualisierung und Wartung, der IT-Support, ggf. auch Beratungsleistungen, z.B. bezüglich Fragen der IT-Sicherheit, können zu ihrem Aufgabengebiet gehören.

Die Ausbildung dauert 3 Jahre. Berufsschulort ist Neuwied oder Betzdorf/Kirchen.

Als wachsendes Unternehmen haben wir eine Übernahmequote nach bestandener Ausbildung von über 90%.

Wenn Sie sich angesprochen fühlen, freuen wir uns auf Ihre - vollständige - Bewerbung per Post oder per E-Mail.

Ein Praktikum vorab zum gegenseitigen kennenlernen ist möglich.",,"Fachinformatiker/innen der Fachrichtung Anwendungsentwicklung entwickeln und programmieren Software für den eigenen Betrieb oder für Kundenunternehmen. Beispielsweise erweitern sie betriebseigene Programme oder entwickeln neue Lösungen, die auf die eigenen betrieblichen Bedürfnisse bzw. die Kundenanforderungen zugeschnitten sind. Sie installieren Softwareanwendungen, nehmen sie in Betrieb und weisen ggf. die Anwender in die Bedienung ein. Auch die regelmäßige Aktualisierung und Wartung, der IT-Support, ggf. auch Beratungsleistungen, z.B. bezüglich Fragen der IT-Sicherheit, können zu ihrem Aufgabengebiet gehören.
Fachhochschulreife",Ausbildung | Fachinformatiker/in - Anwendungsentwicklung,"Hottgenroth/ETU entwickelt kaufmännische, technische und CAD-Software, Schornsteinfegersoftware sowie Internetanwendungen für die Bereiche Energieeffizienz, Bauhaupt- und Nebengewerbe sowie haustechnische Planung und Auslegung. Die Programme richten sich an Planer, Architekten, Handwerker und Handelsunternehmen. In einigen Bereichen ist Hottgenroth Software heute Marktführer.",,http://www.arbeitsagentur.de,,,01.08.2026,,https://www.arbeitsagentur.de/jobsuche/jobdetail/10000-1203349095-S,2026-06-11T07:53:12.205086+00:00
10000-1206610319-S,fachinformatiker_ae,prosozial GmbH,"50.330236,7.7038451",Bad Ems,"Lindenbach 36, 56130 Bad Ems","Wir bilden aus!

PROSOZIAL ist ein mittelständisches Softwareunternehmen mit rund 200 Mitwirkenden. Wir realisieren IT-Projekte im Sozial- und Bildungsbereich. Zu unseren Kunden**&#32;**zählen unter anderem Berufsbetreuerinnen, Betreuungsvereine, Kommunalverwaltungen, Jobcenter und Beschäftigungsgesellschaften wie z.B. Berufsbildungswerke. Damit wir diesen Menschen helfen können, suchen wir nach jungen Talenten, die Spaß an der Entwicklung innovativer IT-Systeme haben, kommunikativ und kundenorientiert sind und wissen möchten, wie man neue Potenziale und wirtschaftlichen Nutzen aus der Digitalisierung schöpft.

DUHAST/BRINGST MIT: Leidenschaft für das Programmieren .Begeisterung für neue Techno logien. Neugierde und Eigen initiative. Kreativität und logisches Denken. Lust auf hochwertige Programme Bereitschaft und Freude, in einem Team von Entwickler\*innen zuarbeiten. Allgemeine Hochschulreife, Fachhochschulreife oder mittlere Reife.

WIR BIETEN: Ein klasse Team. Software und IT-Services, die Menschen helfen. Spannende und abwechslungsreiche Aufgaben. Viele Möglichkeiten zur persönlichen und fachlichen Weiterentwicklung. Wir bilden seit über 25 Jahren Auszubildende in verschiedenen IT-Berufen aus. Wir arbeiten mit modernsten Technologien. Wir arbeiten zusammen in agilen Entwicklungsteams. Wir kommunizieren über GoTo Assist oder Microsoft Teams. Wir arbeiten wie eine große Familie zusammen. Wir lernen von einander und entwickeln kreative Ideen. Wir haben Spaß bei der Arbeit!

Wenn du gerne programmierst, neugierig bist und das Herz am richtigen Fleck hast, dann überzeuge uns und bewirb dich für das kommende Ausbildungsjahr per E-Mailunter: BEWERBUNG@PROSOZIAL.DE

Werde Teil der prosozial-Family! Mehr Infos und Details zur Ausbildung bei prosozial gibt's hier: www.youtube.com",,Fachhochschulreife,Ausbildung | Fachinformatiker/in - Anwendungsentwicklung,Wir bilden aus!,"WIR BIETEN: Ein klasse Team. Software und IT-Services, die Menschen helfen. Spannende und abwechslungsreiche Aufgaben. Viele Möglichkeiten zur persönlichen und fachlichen Weiterentwicklung. Wir bilden seit über 25 Jahren Auszubildende in verschiedenen IT-Berufen aus. Wir arbeiten mit modernsten Technologien. Wir arbeiten zusammen in agilen Entwicklungsteams. Wir kommunizieren über GoTo Assist oder Microsoft Teams. Wir arbeiten wie eine große Familie zusammen. Wir lernen von einander und entwickeln kreative Ideen. Wir haben Spaß bei der Arbeit!",http://www.arbeitsagentur.de,BEWERBUNG@PROSOZIAL.DE,,,,https://www.arbeitsagentur.de/jobsuche/jobdetail/10000-1206610319-S,2026-06-11T07:53:12.599592+00:00
