id_referensi,kategori,nama_perusahaan,kota,alamat,jenis_ausbildung,spesialisasi,tahun_mulai,bulan_mulai,gaji,skor_kelengkapan,tipe_website,email_bewerbung,link_bewerbung,cara_apply,kontak_hr,link_arbeitsagentur,ringkasan,butuh_manual,status_lamaran,prioritas,deskripsi,persyaratan,tanggal_scrape
STEP-12635603,stepstone_de_ae,Mahlo GmbH & Co. KG,93342 Saal an der Donau,"93342 Saal an der Donau, Deutschland 93342 Saal an der Donau",Ausbildung | Fachinformatiker für Anwendungsentwicklung m/w/d,ae,,,,60,empty,,https://twitter.com/stepstone_de,portal,"Kontakt
Neugierig geworden? Dann bewirb dich jetzt als Fachinformatiker für Anwendungsentwicklung m/w/d und werde Teil unseres Teams! Sende uns deine Bewerbung bis zum 31.08.2026, schau aber auch noch gerne auf unserer Website vorbei!
Bei Fragen erreichst du unsere Personalabteilung unter karriere@mahlo.com oder telefonisch unter +49 9441 601-142.
Starte deine Zukunft bei der Mahlo GmbH + Co. KG – wir freuen uns auf dich!
Donaustraße 12, 93342 Saal a.d. Donau
Branche: Maschinenbau • Gründung: 1945 von Dr. Heinz Mahlo",,Mahlo GmbH & Co. KG | Ausbildung | Fachinformatiker für Anwendungsentwicklung m/w/d | 93342 Saal an der Donau,tidak,belum,sedang,"Fachinformatiker für Anwendungsentwicklung m/w/d

Deine Aufgaben:
Erlernen von Programmiersprachen und Entwicklung von Softwarelösungen
Installation und Test von Anwendungen
Mitarbeit an spannenden IT-Projekten
Analyse und Behebung von Softwarefehlern

Wir sind bis heute ein Familienunternehmen geblieben. Als solches nehmen wir die Verantwortung gegenüber unseren Auszubildenden besonders ernst. Wir haben unsere eigene Lehrwerkstatt im Haus, bei der Prüfungsvorbereitung stehen unsere Ausbilder mit Rat und Tat zur Seite. Um das Gemeinschaftsgefühl zu stärken, finden immer wieder gemeinsame Aktivitäten mit den allen Azubis statt. Zum Ausbildungsstart werfen wir euch nicht einfach ins kalte Wasser. Eine Einführungswoche erleichtert den Start ins Berufsleben und hilft unseren neuen Auszubildenden dabei, Firma wie Kollegen kennenzulernen. Wir beschäftigen in der Regel rund 40 Auszubildende im Betrieb. Unser Ziel ist immer, beste Voraussetzungen für die Fachkräfte von morgen zu schaffen – fachlich und im Team. Das Miteinander steht bei uns immer im Fokus.
Das solltest du mitbringen:
Mindestens Mittlere Reife
Interesse am Programmieren und technisches Verständnis
Logisches Denken und gute Englisch- sowie Mathematikkenntnisse

Wir bieten insgesamt 11 Ausbildungsberufe an:
Fachkraft (m/w/d) für Lagerlogistik
Industrieelektriker (m/w/d) (Betriebstechnik)
Industriemechaniker (m/w/d) (Maschinen- und Anlagenbau)
Das bieten wir dir:
Ausbildungsbeginn:
Dauer:
Berufsschule:
Benefits:
Hauseigene Lehrwerkstatt und individuelle Betreuung
Interne und externe Prüfungsvorbereitung
Sehr gute Ausbildungsvergütung und vermögenswirksame Leistungen
30 Tage Urlaub und vergünstigtes Mittagessen in der Kantine
Unterstützung bei Fort- und Weiterbildungen","Wir sind bis heute ein Familienunternehmen geblieben. Als solches nehmen wir die Verantwortung gegenüber unseren Auszubildenden besonders ernst. Wir haben unsere eigene Lehrwerkstatt im Haus, bei der Prüfungsvorbereitung stehen unsere Ausbilder mit Rat und Tat zur Seite. Um das Gemeinschaftsgefühl zu stärken, finden immer wieder gemeinsame Aktivitäten mit den allen Azubis statt. Zum Ausbildungsstart werfen wir euch nicht einfach ins kalte Wasser. Eine Einführungswoche erleichtert den Start ins Berufsleben und hilft unseren neuen Auszubildenden dabei, Firma wie Kollegen kennenzulernen. Wir beschäftigen in der Regel rund 40 Auszubildende im Betrieb. Unser Ziel ist immer, beste Voraussetzungen für die Fachkräfte von morgen zu schaffen – fachlich und im Team. Das Miteinander steht bei uns immer im Fokus.
Das solltest du mitbringen:
Mindestens Mittlere Reife
Interesse am Programmieren und technisches Verständnis
Logisches Denken und gute Englisch- sowie Mathematikkenntnisse",2026-06-12T20:45:35.460047+00:00
